product_id,product_category_name,product_name_lenght,product_description_lenght,product_photos_qty,product_weight_g,product_length_cm,product_height_cm,product_width_cm
659497d993964fcb808aac2489c1f228,cama_mesa_banho,50,200,1,500,20,10,15
5d766901122442008a926473ba5a2077,cama_mesa_banho,50,200,1,500,20,10,15
965d9c8e4fef40c1a33237cd85fec821,cama_mesa_banho,50,200,1,500,20,10,15
6092c4d09d9e417cafe4ca66d2df07be,cama_mesa_banho,50,200,1,500,20,10,15
d66553858c49480297993ad995b48cf3,cama_mesa_banho,50,200,1,500,20,10,15
cde71ce5e6d8457595e140976858f09d,cama_mesa_banho,50,200,1,500,20,10,15
8554e6c532e94b54aa4327ff61769b36,cama_mesa_banho,50,200,1,500,20,10,15
e91af45c006f4939ac6a1942f3fa5f24,cama_mesa_banho,50,200,1,500,20,10,15
94356a0d32164c89a8a3b54796c80d9a,cama_mesa_banho,50,200,1,500,20,10,15
17792379685d46f99c2a670e4ebf4226,cama_mesa_banho,50,200,1,500,20,10,15
e0328ac75de645ea99ceec6c91b3388a,cama_mesa_banho,50,200,1,500,20,10,15
fb5dd2c3d27e4794a87f93b929c07a1e,cama_mesa_banho,50,200,1,500,20,10,15
39ea6218d629421e9e78ed6a615b323c,cama_mesa_banho,50,200,1,500,20,10,15
1be66358355d41a5b298a120b593eb5b,cama_mesa_banho,50,200,1,500,20,10,15
c3f0b0f6f1404d71aee94acfbf358137,cama_mesa_banho,50,200,1,500,20,10,15
c598bbba3b7a4b6599f81a266bf14fee,cama_mesa_banho,50,200,1,500,20,10,15
75ae0f35331a458dafed323b957f39f8,cama_mesa_banho,50,200,1,500,20,10,15
b6338ad8628542f49caa0ef2dd0a67dc,cama_mesa_banho,50,200,1,500,20,10,15
b0bef682a7974f19952c1c7a8799e1a6,cama_mesa_banho,50,200,1,500,20,10,15
3913d9a233124fb0866ee53860b790af,cama_mesa_banho,50,200,1,500,20,10,15
5312ee8b3ace48aeb29af6455deb1684,cama_mesa_banho,50,200,1,500,20,10,15
a715258967be45de951963aff6692721,cama_mesa_banho,50,200,1,500,20,10,15
4d705fdca352439e9962410c96d6adf0,cama_mesa_banho,50,200,1,500,20,10,15
8c114174315f4d0483cba4669880b2ca,cama_mesa_banho,50,200,1,500,20,10,15
3421b38c1ed14ea08fdb92503e7d55ac,cama_mesa_banho,50,200,1,500,20,10,15
c84273166d3f47f395dc63d2ed1e262e,cama_mesa_banho,50,200,1,500,20,10,15
86c8a6455acc47d89a8fa52f9d475b34,cama_mesa_banho,50,200,1,500,20,10,15
da7b7aadb4c9483587635e7a534a39c2,cama_mesa_banho,50,200,1,500,20,10,15
33250903b9834d83aec8d2f3a9c7363d,cama_mesa_banho,50,200,1,500,20,10,15
acbe94cafa1848c2abc6ccd3ba8178e1,cama_mesa_banho,50,200,1,500,20,10,15
8e883c56896f4ec5b4753207b7f173ac,cama_mesa_banho,50,200,1,500,20,10,15
86f76c6cf19243a583e96d4c90022022,cama_mesa_banho,50,200,1,500,20,10,15
5cc274b9ac8f413abd87f78b34a8da0d,cama_mesa_banho,50,200,1,500,20,10,15
d1bf61aff70a4722b286840b600a4858,cama_mesa_banho,50,200,1,500,20,10,15
e85713c340854a1b85112e9bedaf9bbc,cama_mesa_banho,50,200,1,500,20,10,15
4cde6f3f3a444b8ca8ca688217a0b371,cama_mesa_banho,50,200,1,500,20,10,15
1a532cc7d8274830931c439286758b61,cama_mesa_banho,50,200,1,500,20,10,15
6dae9b32dea343019b7983c602eddf49,cama_mesa_banho,50,200,1,500,20,10,15
96eb2b1fe55847309dde55a10d0abda2,cama_mesa_banho,50,200,1,500,20,10,15
ff10856b6ad843b49cf95de41e5eae6e,cama_mesa_banho,50,200,1,500,20,10,15
e16f558e58834381bb322d6e601f327f,cama_mesa_banho,50,200,1,500,20,10,15
69e5a0f7ced14a0cb031a7720740064e,cama_mesa_banho,50,200,1,500,20,10,15
c9aae9034c674e849db42b8dea3a9948,cama_mesa_banho,50,200,1,500,20,10,15
eef9c948f58a4dc0bce23585742f920f,cama_mesa_banho,50,200,1,500,20,10,15
0f25eeecfbad4be4b523c68fdac12ecb,cama_mesa_banho,50,200,1,500,20,10,15
86a1ec3461e543f6b97ddec61bb3e052,cama_mesa_banho,50,200,1,500,20,10,15
2fcbc9ee40eb47ba8527943201565b5f,cama_mesa_banho,50,200,1,500,20,10,15
97110e49e84e40b79a0f9df0f56d0b9e,cama_mesa_banho,50,200,1,500,20,10,15
7b383d91941b4dba86a98a9be8c566b5,cama_mesa_banho,50,200,1,500,20,10,15
ac74dc0e0d9041fa836582b7c9a3d502,cama_mesa_banho,50,200,1,500,20,10,15
b33a0d58220e4867a9bdfb3bcaf3de29,cama_mesa_banho,50,200,1,500,20,10,15
43b5b151449049b68daa7559522a47b5,cama_mesa_banho,50,200,1,500,20,10,15
8359769c29ef4eed8c3cad3c49ee02d9,cama_mesa_banho,50,200,1,500,20,10,15
9f3d03e405c94ca6a3a657c3d0488589,cama_mesa_banho,50,200,1,500,20,10,15
3b7fab411e614d4c98534e20e9dc2644,cama_mesa_banho,50,200,1,500,20,10,15
e48808e60f3e483886ac0d0a164be4f5,cama_mesa_banho,50,200,1,500,20,10,15
038cdabc2a684dfdab3761cdc83da2ea,cama_mesa_banho,50,200,1,500,20,10,15
b3b407ccaea74a88995a1e39a8eca168,cama_mesa_banho,50,200,1,500,20,10,15
0179f71a3df34e658df6349e09ad100d,cama_mesa_banho,50,200,1,500,20,10,15
a202d8648cad41bf9c644a9fb012b17b,cama_mesa_banho,50,200,1,500,20,10,15
e931819926d6455ba744e6325b318677,cama_mesa_banho,50,200,1,500,20,10,15
bed3fc47414148fea60be000063ed2c5,cama_mesa_banho,50,200,1,500,20,10,15
6982d1d7b7bb43fcb13e2ade5069dff2,cama_mesa_banho,50,200,1,500,20,10,15
808e0a2aa81548bc83415c3b73726315,cama_mesa_banho,50,200,1,500,20,10,15
0c7a1bf1b780487ba179c883ac2f78d4,cama_mesa_banho,50,200,1,500,20,10,15
f48adec36e6642adafb4c2d1395223e2,cama_mesa_banho,50,200,1,500,20,10,15
29decb6551f44162bb95a168bd8962ec,cama_mesa_banho,50,200,1,500,20,10,15
969d2af684f24693bc528b7ec9af020c,cama_mesa_banho,50,200,1,500,20,10,15
0fc589e2127944d6aecf5cc3b4895ff7,cama_mesa_banho,50,200,1,500,20,10,15
08e160608ebb48ccb3c136d1625894a9,cama_mesa_banho,50,200,1,500,20,10,15
23d49cc189d549cf99ed6a5c6e4e7085,cama_mesa_banho,50,200,1,500,20,10,15
e22d241aafbb4532a62ae516a0a8c9d6,cama_mesa_banho,50,200,1,500,20,10,15
fffb3b75c3914497810e220bc6d90196,cama_mesa_banho,50,200,1,500,20,10,15
9f3ae5c699584a04a8f5f68d02cd02f5,cama_mesa_banho,50,200,1,500,20,10,15
acc45f86c3d341dda14f955fb69b56f1,cama_mesa_banho,50,200,1,500,20,10,15
8638c9c37d834fb48f763fb020cf5153,cama_mesa_banho,50,200,1,500,20,10,15
a558da950e914f9fb3af8dcb921e52a5,cama_mesa_banho,50,200,1,500,20,10,15
8e635ee2fb6b43b197c573c56fa31343,cama_mesa_banho,50,200,1,500,20,10,15
d38274fc54b64377af03fed4fd48bb6a,cama_mesa_banho,50,200,1,500,20,10,15
b0c3a69a2b9f41799e5aeeef3bff0c8a,cama_mesa_banho,50,200,1,500,20,10,15
0ef19c28ef1b4e78b3764ba3998ebbd1,cama_mesa_banho,50,200,1,500,20,10,15
bf6c6b565f5f4beebd1c6a180200afa4,cama_mesa_banho,50,200,1,500,20,10,15
d5275987a0334fde807a9219f2fbbf54,cama_mesa_banho,50,200,1,500,20,10,15
bc83e90f685c4202a317829ca997f92d,cama_mesa_banho,50,200,1,500,20,10,15
5c2f1eba3b664f01aa75e76be8c4e697,cama_mesa_banho,50,200,1,500,20,10,15
5d4b34efe6a74acf8e7abaee37ff359c,cama_mesa_banho,50,200,1,500,20,10,15
bc08a8064f9f4da089e5b11757ecfc54,cama_mesa_banho,50,200,1,500,20,10,15
b29f44eb3a1f4ed78a383f9d39b2dc2c,cama_mesa_banho,50,200,1,500,20,10,15
e5d8fc9620f14c6285d9dd1e51721ef5,cama_mesa_banho,50,200,1,500,20,10,15
e6e7d8d8c54a466188afb34d24de3cc2,cama_mesa_banho,50,200,1,500,20,10,15
ed0840d372674e2eb9ecbf4ce2d989e6,cama_mesa_banho,50,200,1,500,20,10,15
05f49c12929540729b5d08765447819f,cama_mesa_banho,50,200,1,500,20,10,15
cb7ae5c12469489da82e70132c05781e,cama_mesa_banho,50,200,1,500,20,10,15
02be1c53bab345bea650c5748ce7ffe0,cama_mesa_banho,50,200,1,500,20,10,15
3688d116249545d68dcf727cd9010656,cama_mesa_banho,50,200,1,500,20,10,15
ce880cc31be14b35a46695c3a854f5fd,cama_mesa_banho,50,200,1,500,20,10,15
51f3c2877a804111a15a9bb04976064e,cama_mesa_banho,50,200,1,500,20,10,15
e8392eac43af4ac8802da0549e2342de,cama_mesa_banho,50,200,1,500,20,10,15
5f27c7f04ef74340a634b8015bc9593b,cama_mesa_banho,50,200,1,500,20,10,15
6f7cb28503524d10b9fd53fbd137f54d,cama_mesa_banho,50,200,1,500,20,10,15
c03f5a838de44a44a4dc331aff61fd45,cama_mesa_banho,50,200,1,500,20,10,15
3c7261a08d1648c0917fdeb76ff39cb6,cama_mesa_banho,50,200,1,500,20,10,15
b39d4b5f517843548c2b51e8b9e5235d,cama_mesa_banho,50,200,1,500,20,10,15
c6bd21056350446cbaa76978d21cc1a1,cama_mesa_banho,50,200,1,500,20,10,15
d32a1a75cff849eab2d6b28c033e5b16,cama_mesa_banho,50,200,1,500,20,10,15
a1b3307db951474396c770062878dc0c,cama_mesa_banho,50,200,1,500,20,10,15
4156fe9c3cc24500b935d0384e78d03b,cama_mesa_banho,50,200,1,500,20,10,15
3448861410d44d6682ea3cc97dae22af,cama_mesa_banho,50,200,1,500,20,10,15
c748383061d54c8fbbb2fd04fb285dad,cama_mesa_banho,50,200,1,500,20,10,15
234aef4348524169b8746ca0f431f95d,cama_mesa_banho,50,200,1,500,20,10,15
ef75eee5ecf147be85011a9b35e52875,cama_mesa_banho,50,200,1,500,20,10,15
01ba60ac1eeb4ab083e39e051ef6b7c8,cama_mesa_banho,50,200,1,500,20,10,15
5637ee440892434ca919b36bac5b3d0f,cama_mesa_banho,50,200,1,500,20,10,15
370fceacb8914ab5a457822adf9075b2,cama_mesa_banho,50,200,1,500,20,10,15
7a651546c54a4275aba5eac6aaee7f22,cama_mesa_banho,50,200,1,500,20,10,15
9e7342c09e5d4b91911a61b45fd8321e,cama_mesa_banho,50,200,1,500,20,10,15
8482ad87df104a46a41830e80d14fa78,cama_mesa_banho,50,200,1,500,20,10,15
3a3a899b3b414726839fed14d1cea882,cama_mesa_banho,50,200,1,500,20,10,15
c50dafb1c0234f5e8bc60bc57eab5ce1,cama_mesa_banho,50,200,1,500,20,10,15
284487f70f7a4bfbbc1deeb8be2456f8,cama_mesa_banho,50,200,1,500,20,10,15
9c30b1d3d8834c2a950088aedaf2aa59,cama_mesa_banho,50,200,1,500,20,10,15
0eec688bcaf54a41a5073c5a2278bd2c,cama_mesa_banho,50,200,1,500,20,10,15
b4b593486fcc4ebc831a784f6cb8b30e,cama_mesa_banho,50,200,1,500,20,10,15
699eb294a6d0444b87f0d6348ee8fe4f,cama_mesa_banho,50,200,1,500,20,10,15
0c6fcb75d1014432969de826a85caa8a,cama_mesa_banho,50,200,1,500,20,10,15
0e493c9b2958410b9ca689f7a04baf67,cama_mesa_banho,50,200,1,500,20,10,15
6870d370b1984527bb7b0dcbad947d62,cama_mesa_banho,50,200,1,500,20,10,15
b3ac85ca4c584a738465a2dd091859b9,cama_mesa_banho,50,200,1,500,20,10,15
2229426d5de8471ba53945dcae09e251,cama_mesa_banho,50,200,1,500,20,10,15
754ad80a24a64e14bef2072166c79300,cama_mesa_banho,50,200,1,500,20,10,15
9c7939c042a748d5bb8d014483209c40,cama_mesa_banho,50,200,1,500,20,10,15
30fb2bd5717c4cd3bfb82f506cc2ce30,cama_mesa_banho,50,200,1,500,20,10,15
41126e93234c4e53ab3d747d1c89f092,cama_mesa_banho,50,200,1,500,20,10,15
1964927adb1243acb61d9e297559b70c,cama_mesa_banho,50,200,1,500,20,10,15
470da5d3367f44fabe13fa49108a014b,cama_mesa_banho,50,200,1,500,20,10,15
6ca9bd394a634944bad361e51c4b2cac,cama_mesa_banho,50,200,1,500,20,10,15
c1973d98edcd449b9b756acb98a1a4d8,cama_mesa_banho,50,200,1,500,20,10,15
4ea38444eb4e4adabacf96672c7b0091,cama_mesa_banho,50,200,1,500,20,10,15
76185a1650634746a4f6dd0558c3ca14,cama_mesa_banho,50,200,1,500,20,10,15
9fbd9d73ceb44774a908e89036b0522b,cama_mesa_banho,50,200,1,500,20,10,15
c812d74f224149b9bbde5d76fb9de906,cama_mesa_banho,50,200,1,500,20,10,15
33641359177b4be6be5ea4a4a55213fc,cama_mesa_banho,50,200,1,500,20,10,15
ff0122885f234aba9eb80e6151c3828e,cama_mesa_banho,50,200,1,500,20,10,15
a7ed1b77dfa6479fa73861dd97280158,cama_mesa_banho,50,200,1,500,20,10,15
418f35006df34446bcd86b3212dfb400,cama_mesa_banho,50,200,1,500,20,10,15
4e255bd7976342ae89258d6416ed2d2b,cama_mesa_banho,50,200,1,500,20,10,15
694d77d477a5438dbbf0fca2b4bb4240,cama_mesa_banho,50,200,1,500,20,10,15
fc678a648e1544c6aec8a90bb6189dc4,cama_mesa_banho,50,200,1,500,20,10,15
7bb09a28190045bca63e6704f4ca9a72,cama_mesa_banho,50,200,1,500,20,10,15
2a5cb80c17c34f9a80fff51f21979e89,cama_mesa_banho,50,200,1,500,20,10,15
fa43f80f5f684dc69f4224891165fdad,cama_mesa_banho,50,200,1,500,20,10,15
5fcf798fac244c84b357e148f88aa441,cama_mesa_banho,50,200,1,500,20,10,15
024d50cc65ff4120afecde34c24d9dc4,cama_mesa_banho,50,200,1,500,20,10,15
72691c09c7334722a3064ed7acc4c924,cama_mesa_banho,50,200,1,500,20,10,15
65d5984e9d7444c4a0d531de963d27be,cama_mesa_banho,50,200,1,500,20,10,15
b488aba1c1ad4ec5975cd7e4aa14f516,cama_mesa_banho,50,200,1,500,20,10,15
8e6f5091627148d992471e92b2224585,cama_mesa_banho,50,200,1,500,20,10,15
ed89d97289c74299bd58e571edbc1815,cama_mesa_banho,50,200,1,500,20,10,15
8f7ed52a555143bfb2d73f440d4c4ab6,cama_mesa_banho,50,200,1,500,20,10,15
8d782397856f4c45b51d48f8e503ea52,cama_mesa_banho,50,200,1,500,20,10,15
6be9df1a30a649a6a0027195483c25b5,cama_mesa_banho,50,200,1,500,20,10,15
e6ccda14fd3547ddb1b2dd4d93a815d6,cama_mesa_banho,50,200,1,500,20,10,15
f830c4d0fbc441b598fd9c09fbd543ef,cama_mesa_banho,50,200,1,500,20,10,15
fb391d2900944ff29b30663dc8dfae3a,cama_mesa_banho,50,200,1,500,20,10,15
e6090f2629504e5780b08e6a39deb0e4,cama_mesa_banho,50,200,1,500,20,10,15
63b4d386fae047f59c6f57a1a9720ae9,cama_mesa_banho,50,200,1,500,20,10,15
cb1943a1bc5f428d936351aa4c677326,cama_mesa_banho,50,200,1,500,20,10,15
210f13204f894e48943c53ddea1792d5,cama_mesa_banho,50,200,1,500,20,10,15
e346386da8e9471c83650fa8ca60dce7,cama_mesa_banho,50,200,1,500,20,10,15
b8a525f5f02a44c49360e27968f3cbd5,cama_mesa_banho,50,200,1,500,20,10,15
21f8dd4bf6a84038b97c6141e9a81f0e,cama_mesa_banho,50,200,1,500,20,10,15
9d47e05b371540bf81bced8826372b41,cama_mesa_banho,50,200,1,500,20,10,15
8b5d7c9c79a540f296cfe2b2e8fd746a,cama_mesa_banho,50,200,1,500,20,10,15
b90e34d78a0f489b818d8f47cc068148,cama_mesa_banho,50,200,1,500,20,10,15
0a651e0c28c64b3abd2d28ae4efa65a4,cama_mesa_banho,50,200,1,500,20,10,15
5ca6dd3e772d4960b4045e92880f82c2,cama_mesa_banho,50,200,1,500,20,10,15
8926099816d342179e30390d091bc20b,cama_mesa_banho,50,200,1,500,20,10,15
5a984a3f35284b7da0aa0f94853d2c67,cama_mesa_banho,50,200,1,500,20,10,15
3e107608a99c4447975dea6bd54b4de1,cama_mesa_banho,50,200,1,500,20,10,15
6eb5cfd6442b45c4b163533d43592cef,cama_mesa_banho,50,200,1,500,20,10,15
60067992643e4805bc51008233d38740,cama_mesa_banho,50,200,1,500,20,10,15
b95fe479371f4a2cb75ee8a43054ec4f,cama_mesa_banho,50,200,1,500,20,10,15
b0d8178d907245f48f726fb86d80a1c7,cama_mesa_banho,50,200,1,500,20,10,15
20dbc55cd61047d288f433d76bfd6ac7,cama_mesa_banho,50,200,1,500,20,10,15
d7d8e2bef4af44c2b74f4105088b4437,cama_mesa_banho,50,200,1,500,20,10,15
354ad7280a454a489496c74629cef739,cama_mesa_banho,50,200,1,500,20,10,15
de63d7fafb774adaa37b65ccad56679c,cama_mesa_banho,50,200,1,500,20,10,15
37edc84cddfe428e93a9241026d9d559,cama_mesa_banho,50,200,1,500,20,10,15
204e1ef6b53f41059e8082a750467900,cama_mesa_banho,50,200,1,500,20,10,15
d535c5eea1044298904a4b65f98bbc72,cama_mesa_banho,50,200,1,500,20,10,15
e092675c30674e429a2213552735f7da,cama_mesa_banho,50,200,1,500,20,10,15
b0222902795a44f4ab1524d8252489f3,cama_mesa_banho,50,200,1,500,20,10,15
5715bb5c3442407db1afdee173afcc45,cama_mesa_banho,50,200,1,500,20,10,15
f386efea8f8b4d30a017e59177bf5912,cama_mesa_banho,50,200,1,500,20,10,15
a3946afed0754c22836dc787de8607d2,cama_mesa_banho,50,200,1,500,20,10,15
34234050e4114596b728b82b23e025ca,cama_mesa_banho,50,200,1,500,20,10,15
521d6dfd31b0459b940ed89f1dd3b405,cama_mesa_banho,50,200,1,500,20,10,15
7d854adffff142829b882c007aca42ab,cama_mesa_banho,50,200,1,500,20,10,15
54ee76876e734581a056f5a669ef5b1b,cama_mesa_banho,50,200,1,500,20,10,15
2994dc13fa4f4c41bd498b51bffb9c4b,cama_mesa_banho,50,200,1,500,20,10,15
60ffe3fdd3104aaf84db6f0d902b6e68,cama_mesa_banho,50,200,1,500,20,10,15
9f95863145b34dab823fcc07433b8b47,cama_mesa_banho,50,200,1,500,20,10,15
699c09a50c93408baaa0dbcb41b030dd,cama_mesa_banho,50,200,1,500,20,10,15
e72985a10a24499db4b0b1f026f3ce99,cama_mesa_banho,50,200,1,500,20,10,15
d4d46ce05dd648e68e563f7f242b2b1f,cama_mesa_banho,50,200,1,500,20,10,15
10e2c0492f014c1bb928e9c8324d9b4f,cama_mesa_banho,50,200,1,500,20,10,15
92b7132e731447bc8bbfd250477845be,cama_mesa_banho,50,200,1,500,20,10,15
867884dd66e64b549d531c12fb9cd6c7,cama_mesa_banho,50,200,1,500,20,10,15
bddc97c194a547d6aeb08c800c195273,cama_mesa_banho,50,200,1,500,20,10,15
0f90cf91ce6f470d8345345b3346fe25,cama_mesa_banho,50,200,1,500,20,10,15
e865a770742343268133b3011d2d045d,cama_mesa_banho,50,200,1,500,20,10,15
c81de2ab66e14547baac23b14e060bb6,cama_mesa_banho,50,200,1,500,20,10,15
3202a9dba58e489593e15140198b5c00,cama_mesa_banho,50,200,1,500,20,10,15
dcaeb5a5949b4ec180a1208cce1e7827,cama_mesa_banho,50,200,1,500,20,10,15
19f85a54196e4763ad3b1bc06cb346e2,cama_mesa_banho,50,200,1,500,20,10,15
bcd5831f8a2044af9bd2828d69069521,cama_mesa_banho,50,200,1,500,20,10,15
03656cfdd8bb40d2a7378012ff555364,cama_mesa_banho,50,200,1,500,20,10,15
63b0edb6154f414993fa0208cee8431e,cama_mesa_banho,50,200,1,500,20,10,15
fb17c0a3ef5c45869a4ad4d8031e4897,cama_mesa_banho,50,200,1,500,20,10,15
ee947b801e8f4afa9efe046ab5324449,cama_mesa_banho,50,200,1,500,20,10,15
86335cbc0b5740f49bbd774ba38b062c,cama_mesa_banho,50,200,1,500,20,10,15
66a26b0251ee46c5973e55a7a66685b4,cama_mesa_banho,50,200,1,500,20,10,15
abfd4e5072054cef91a1899363a1e865,cama_mesa_banho,50,200,1,500,20,10,15
187e19892a8f47b691c8c3569c8bd243,cama_mesa_banho,50,200,1,500,20,10,15
0cd230884d7947bbba628735b1b24e7e,cama_mesa_banho,50,200,1,500,20,10,15
0f0f398ba1184a77ab9c1f0a53c4f1f9,cama_mesa_banho,50,200,1,500,20,10,15
2af1834cd0fc4f1984c37068ee1ab0c8,cama_mesa_banho,50,200,1,500,20,10,15
51c3ee006fc447d3a9b44f085c8caa75,cama_mesa_banho,50,200,1,500,20,10,15
ac26aaf7ce934556bcc0774664c86576,cama_mesa_banho,50,200,1,500,20,10,15
782f25cdcf344156b32e4fdb2669b893,cama_mesa_banho,50,200,1,500,20,10,15
48bfcd3cd14b459b8364dd64b10ef23f,cama_mesa_banho,50,200,1,500,20,10,15
24d85dbd7f77490ebc462ba02083579a,cama_mesa_banho,50,200,1,500,20,10,15
df879316f7684ed7b0b7dd891fdd7903,cama_mesa_banho,50,200,1,500,20,10,15
35384b56f2364e7387261e64f6220d1e,cama_mesa_banho,50,200,1,500,20,10,15
cb926a1e55b3487e96bb3946cb73349c,cama_mesa_banho,50,200,1,500,20,10,15
350818ca0dcf4123821217316a810165,cama_mesa_banho,50,200,1,500,20,10,15
61eb898b9093401b82db4b2bc0181287,cama_mesa_banho,50,200,1,500,20,10,15
036bf1c5b3074296a35f7b4c974d1ad7,cama_mesa_banho,50,200,1,500,20,10,15
5898fbd2eac6414894da13408dc98ae5,cama_mesa_banho,50,200,1,500,20,10,15
91fe1b901377459dbc67344d9a585a5f,cama_mesa_banho,50,200,1,500,20,10,15
8f68695414a64938ac580b87166d44e0,cama_mesa_banho,50,200,1,500,20,10,15
5f536f6e4288400da099bc47a73c3cd3,cama_mesa_banho,50,200,1,500,20,10,15
66cfb52cd84d44c892470aa2557229f2,cama_mesa_banho,50,200,1,500,20,10,15
58df0daf8ff14dbf9530f821f7267c6f,cama_mesa_banho,50,200,1,500,20,10,15
772b87149e35469294ba249e67b64d65,cama_mesa_banho,50,200,1,500,20,10,15
9d7907cfb2384f95a5637185ea4f65a5,cama_mesa_banho,50,200,1,500,20,10,15
cb174db2586246e79ce5d35a332c567d,cama_mesa_banho,50,200,1,500,20,10,15
06d3c8300bcc4306a3db6bc47518131e,cama_mesa_banho,50,200,1,500,20,10,15
c05beea9792a4a58b1b28f29de554aaa,cama_mesa_banho,50,200,1,500,20,10,15
f5c590eaa9dd4943bff8525e7372ee21,cama_mesa_banho,50,200,1,500,20,10,15
30dec28742614ecea573397317370442,cama_mesa_banho,50,200,1,500,20,10,15
c7e2fb07d2084e4d9a7ebc841cec32f9,cama_mesa_banho,50,200,1,500,20,10,15
29e8e473492a4055bff3be6d6f3cdd5f,cama_mesa_banho,50,200,1,500,20,10,15
073293b0c57844989e528e65752031f8,cama_mesa_banho,50,200,1,500,20,10,15
c69b6b45cbf44362b92e6a7adc1f353c,cama_mesa_banho,50,200,1,500,20,10,15
9fa40fac733a40e8822fc7630d115b26,cama_mesa_banho,50,200,1,500,20,10,15
c21621ec359a421cbc26c7b8731d3087,cama_mesa_banho,50,200,1,500,20,10,15
b1776cf7cb634d938039cdee3283eef3,cama_mesa_banho,50,200,1,500,20,10,15
567312e5ebfd4770a0637d917dbf0fe7,cama_mesa_banho,50,200,1,500,20,10,15
25f5e4077b5c49529306eb0fcde8b30f,cama_mesa_banho,50,200,1,500,20,10,15
08bbb18b215d4deabc0349a3aef8583e,cama_mesa_banho,50,200,1,500,20,10,15
00a04960c79741a6a77dd92104c1af7a,cama_mesa_banho,50,200,1,500,20,10,15
0fd1058066074fce985ac4d84f48a0bd,cama_mesa_banho,50,200,1,500,20,10,15
f2c870e3df86458b98cee4085ffd0439,cama_mesa_banho,50,200,1,500,20,10,15
e50be6cb08b249ffb2cc50a88e0664b0,cama_mesa_banho,50,200,1,500,20,10,15
9206f1b96fef4c5fafe0d0a91b1c89f7,cama_mesa_banho,50,200,1,500,20,10,15
c9ef94b0550944fe98752c7355b44a07,cama_mesa_banho,50,200,1,500,20,10,15
67ca0c3affda42feb6e3fe1b95fa6fc7,cama_mesa_banho,50,200,1,500,20,10,15
4b663c072e044f80956fbdac1a437593,cama_mesa_banho,50,200,1,500,20,10,15
7f234ee773fe4ac4828979f681c1e663,cama_mesa_banho,50,200,1,500,20,10,15
ec37c7c6f9cc45c9921cb67a175b4d1b,cama_mesa_banho,50,200,1,500,20,10,15
bff08e604e23467a9075aea1c311b00b,cama_mesa_banho,50,200,1,500,20,10,15
0bd9c0857ae3422f8476259696e448b6,cama_mesa_banho,50,200,1,500,20,10,15
3ea1ac1d90d341e8acb5b42329cc08a1,cama_mesa_banho,50,200,1,500,20,10,15
8702da6c5fab49008f02b69df323facd,cama_mesa_banho,50,200,1,500,20,10,15
532c69a07a0249cf834878238995bd13,cama_mesa_banho,50,200,1,500,20,10,15
205362d300be4992a0005ddc5e2cad0f,cama_mesa_banho,50,200,1,500,20,10,15
0dc0fa7e01764611a27e5ccfa0d2875b,cama_mesa_banho,50,200,1,500,20,10,15
48bcd2b3be1b490a826f3b47ec395faa,cama_mesa_banho,50,200,1,500,20,10,15
fb02a08c300943b7be18cbec9c7513e7,cama_mesa_banho,50,200,1,500,20,10,15
160441d7b9f54dfca2cd63fb19a244c0,cama_mesa_banho,50,200,1,500,20,10,15
b5eaf336bcae4f7d92fd4ae7f794de1c,cama_mesa_banho,50,200,1,500,20,10,15
81c6899852b64c75b016b54a9aedff63,cama_mesa_banho,50,200,1,500,20,10,15
49695138fd814001ae6b481a851bc57a,cama_mesa_banho,50,200,1,500,20,10,15
6466e04762b74e3d9060825fa53a44bf,cama_mesa_banho,50,200,1,500,20,10,15
892972ad470148649089d381d68a49f9,cama_mesa_banho,50,200,1,500,20,10,15
fd71f7128586486b9709eac88b5580a3,cama_mesa_banho,50,200,1,500,20,10,15
a7c9dada62fa43b489f05255a210058d,cama_mesa_banho,50,200,1,500,20,10,15
361ed2e658054b759897e3de4c8db8ac,cama_mesa_banho,50,200,1,500,20,10,15
dfc16b21c09041819d970e7f353578cd,cama_mesa_banho,50,200,1,500,20,10,15
ef1a0ec8a1b04a84aa045533ad65405e,cama_mesa_banho,50,200,1,500,20,10,15
0677965789aa429491e201a9b1c9d80d,cama_mesa_banho,50,200,1,500,20,10,15
7d9e9049ed3242ee92e0d369218dc0d9,cama_mesa_banho,50,200,1,500,20,10,15
7564501a6a91423ab55b8e5810966004,cama_mesa_banho,50,200,1,500,20,10,15
d9002e03d0964bceb5f2b45e8af267d4,cama_mesa_banho,50,200,1,500,20,10,15
5d735484158b4496a1e9d12c8d0566ea,cama_mesa_banho,50,200,1,500,20,10,15
209fa0665077447ab6049c72dabac19e,cama_mesa_banho,50,200,1,500,20,10,15
da2c96118d9e4d739883e772c7372651,cama_mesa_banho,50,200,1,500,20,10,15
4baace5552914891b4e74d567876da87,cama_mesa_banho,50,200,1,500,20,10,15
1b5f66618f3d4ff0b8bee788ae16b07c,cama_mesa_banho,50,200,1,500,20,10,15
d1ad410034074dc3b00784833706f1bb,cama_mesa_banho,50,200,1,500,20,10,15
f8af04d7fef54d0e97c40a93f5cdc36a,cama_mesa_banho,50,200,1,500,20,10,15
5b838c6c54494e469b071d32c1de1497,cama_mesa_banho,50,200,1,500,20,10,15
627f54ac166347e3809775478810f899,cama_mesa_banho,50,200,1,500,20,10,15
095991a5512d4682af366a69a3ca24a6,cama_mesa_banho,50,200,1,500,20,10,15
f37bf85cfdc345e5989380fc639763e0,cama_mesa_banho,50,200,1,500,20,10,15
d5fdf074793b46bb8135454bfb4fc922,cama_mesa_banho,50,200,1,500,20,10,15
c176f97189c94b4686e084aa17e57a79,cama_mesa_banho,50,200,1,500,20,10,15
0a65ed2b3bb941c088436b9ef30cb560,cama_mesa_banho,50,200,1,500,20,10,15
88521211937f4ea6be72f08d5595a4d0,cama_mesa_banho,50,200,1,500,20,10,15
7ff6b2f69eea4616b5978d2211b1ab80,cama_mesa_banho,50,200,1,500,20,10,15
cc010ef7968d43718ea4e96d7f17b9b3,cama_mesa_banho,50,200,1,500,20,10,15
7d3818fd3f68486582bdc1e38badd12d,cama_mesa_banho,50,200,1,500,20,10,15
166f7f2e54a44ff4acb0000f138eac8f,cama_mesa_banho,50,200,1,500,20,10,15
ce026c77f23948578ab50542663b5913,cama_mesa_banho,50,200,1,500,20,10,15
5c4b3ef84272465abd2eecf5869fd898,cama_mesa_banho,50,200,1,500,20,10,15
e87595b541db4b5d9e26df879374b6e5,cama_mesa_banho,50,200,1,500,20,10,15
cba7fda20f16444dbea1366d56b52a16,cama_mesa_banho,50,200,1,500,20,10,15
c73944b532114aeca4d0d9f905ec2cd5,cama_mesa_banho,50,200,1,500,20,10,15
cf060e87d75148dea18feadb56e7ff6c,cama_mesa_banho,50,200,1,500,20,10,15
437e63e44e354c5fb63eda9656edf931,cama_mesa_banho,50,200,1,500,20,10,15
111339f330264e7d9d410bf03caae03e,cama_mesa_banho,50,200,1,500,20,10,15
7c72cbe079664d69ad4b94fe22816170,cama_mesa_banho,50,200,1,500,20,10,15
5b10d0f89984429e982741a0533769d1,cama_mesa_banho,50,200,1,500,20,10,15
e929b3029469477e9cd8316cdf5d4271,cama_mesa_banho,50,200,1,500,20,10,15
69b9b74b353d402089c1f90ad8e0d9bf,cama_mesa_banho,50,200,1,500,20,10,15
8bca542190714f22bf29bd6169688ce0,cama_mesa_banho,50,200,1,500,20,10,15
cfda65205eb54c21ad522bb9b27a76c7,cama_mesa_banho,50,200,1,500,20,10,15
5814a290fa1143e3b80d8c7b65d44fc9,cama_mesa_banho,50,200,1,500,20,10,15
8510c6e04ba648fea6119b5be89c520f,cama_mesa_banho,50,200,1,500,20,10,15
fb63d1f8ccd646988b0e777b6cb71f53,cama_mesa_banho,50,200,1,500,20,10,15
d036cb446b594474825ce0e54950894c,cama_mesa_banho,50,200,1,500,20,10,15
8c05aa20412641e8913711f6187ff585,cama_mesa_banho,50,200,1,500,20,10,15
af08cb9c90104df5bb6463649b495ca1,cama_mesa_banho,50,200,1,500,20,10,15
0da8f22bf68b426f8c6a40c697577f27,cama_mesa_banho,50,200,1,500,20,10,15
7fda1f6a4a7a448ca6d8889fa9635b2c,cama_mesa_banho,50,200,1,500,20,10,15
f9b1e0353d3b4d758848096f87489bfe,cama_mesa_banho,50,200,1,500,20,10,15
5d7a3c05b23d4dd3b850bd2ce3d99aee,cama_mesa_banho,50,200,1,500,20,10,15
4b9caea43824455f894df07a1a34ffd1,cama_mesa_banho,50,200,1,500,20,10,15
0401d9bf3e4f4963a67bfa71ff332286,cama_mesa_banho,50,200,1,500,20,10,15
78160c00a75c4cd8816547d58efc644b,cama_mesa_banho,50,200,1,500,20,10,15
e22685d852614b80808a9c35539dffad,cama_mesa_banho,50,200,1,500,20,10,15
9a650b7fdae14fd282948f8ccfa78d8f,cama_mesa_banho,50,200,1,500,20,10,15
8ca403f32ff04112a6ed7a51c4324db1,cama_mesa_banho,50,200,1,500,20,10,15
acc9c278cb584232a53cadd260829839,cama_mesa_banho,50,200,1,500,20,10,15
108a97cbc40a43cea5ae44808df65193,cama_mesa_banho,50,200,1,500,20,10,15
947df0a8ada2467ab4e5cff4acd9cae9,cama_mesa_banho,50,200,1,500,20,10,15
4f8299e98368466993718d9d05a51688,cama_mesa_banho,50,200,1,500,20,10,15
fcb78c7decdd4ef794a28f69030a9a97,cama_mesa_banho,50,200,1,500,20,10,15
d7ee4b0f07df4d5cbcb80809beb91838,cama_mesa_banho,50,200,1,500,20,10,15
5d44fbe4313043278c9023d1c6aaf074,cama_mesa_banho,50,200,1,500,20,10,15
06f673e6aeea40d8bd3523bd7f4f399c,cama_mesa_banho,50,200,1,500,20,10,15
f11597d508b241aca051ca212622d80d,cama_mesa_banho,50,200,1,500,20,10,15
b81542d2e49f42b6b02635a53f9a8369,cama_mesa_banho,50,200,1,500,20,10,15
8727e76c9ecc4bac9762a6d7b5afcb77,cama_mesa_banho,50,200,1,500,20,10,15
e9b91b6034be43769d7936d300696c8c,cama_mesa_banho,50,200,1,500,20,10,15
227d7801a9184a3b9074c746b4c83f82,cama_mesa_banho,50,200,1,500,20,10,15
d3eefb2f580442fa964dd8410485674c,cama_mesa_banho,50,200,1,500,20,10,15
