order_id,order_item_id,product_id,seller_id,shipping_limit_date,price,freight_value
d290d87bb38344489be23cdff08d0b40,1,60ffe3fdd3104aaf84db6f0d902b6e68,72a98176da7f4137848b28af66e0672c,2017-10-01 00:00:00,158.79,23.95
6863ebd16ddf4ee39c9fcca544c4f22e,1,fb391d2900944ff29b30663dc8dfae3a,07d8138dd3d64b119a019e596c9fb52f,2017-10-31 00:00:00,176.34,25.22
291ddb7c0c514d529dc10564bdd48ca2,1,e865a770742343268133b3011d2d045d,7d56537a59734d67803c8616664d4e73,2017-10-04 00:00:00,97.56,17.42
87522661f084446e9c692e0129509b80,1,bc08a8064f9f4da089e5b11757ecfc54,5f4dc1c965e94f84ac25ea0baaf646ec,2017-11-03 00:00:00,153.41,18.87
608dbcc3ab624c64be2dd745dca5f9c7,1,5cc274b9ac8f413abd87f78b34a8da0d,2929f176e62d43ae899fbb3138cdce1b,2017-12-03 00:00:00,113.19,11.28
c021eb5284a84d33ade6df93a54823d1,1,8638c9c37d834fb48f763fb020cf5153,cfbd0510314a48189c15c0e14db03361,2018-01-02 00:00:00,143.71,17.09
07ca7ac574eb4735887627ca1f63b1bc,1,5d735484158b4496a1e9d12c8d0566ea,56d4a311d7ce40009ef40d859112930f,2017-10-07 00:00:00,146.76,13.89
5bda65539faa467cbce135f92e3c1a27,1,9e7342c09e5d4b91911a61b45fd8321e,e0d6374a44624af09309d45e5b2077ed,2017-11-06 00:00:00,36.57,13.09
6a53cccc3db3404fadf311a43c19dd1a,1,d1ad410034074dc3b00784833706f1bb,c5b65f73041e47fb914d23532422ac79,2017-10-10 00:00:00,175.13,16.52
56a88153f1964534a4363474fe2ec5fb,1,8359769c29ef4eed8c3cad3c49ee02d9,8a136b9d28c24283a00737dc6d09c1c1,2017-11-09 00:00:00,58.42,12.6
3e8b1bfda60c4851b2031f2ff57ed81d,1,4d705fdca352439e9962410c96d6adf0,dc9e03a3ab154923be7523efee8dea1f,2017-12-09 00:00:00,64.04,23.4
e614b46c78a3490e8bf15f734e193bcd,1,5a984a3f35284b7da0aa0f94853d2c67,0ea6d6d77ac248079be8cbf2e54780c8,2018-01-08 00:00:00,135.04,16.25
e896c752bb1c47dab7aa28a1f292edd3,1,b4b593486fcc4ebc831a784f6cb8b30e,0486b79d670a416b9eefbb91e753f99e,2017-10-13 00:00:00,88.12,15.77
27d313e9d87746348fc04852c4270b9e,1,0401d9bf3e4f4963a67bfa71ff332286,11ce54aeaba1430e903dae24ea51b873,2017-11-12 00:00:00,50.96,14.0
736c8652b6304aa5acd3a04ecd69d665,1,8e635ee2fb6b43b197c573c56fa31343,f745860d7f06427dad5974f2b240e522,2017-12-12 00:00:00,129.73,24.1
94f44d95f41b41928391abe6ced32d93,1,205362d300be4992a0005ddc5e2cad0f,45628edbbd8348ceb9931baa4d9a52a7,2018-01-11 00:00:00,98.84,21.37
d3df5d4138e64bb882bce4fb70b77bdb,1,209fa0665077447ab6049c72dabac19e,015e1aaec2a1447ea5098e8ceee4b506,2017-10-16 00:00:00,130.26,19.42
b01f4b07fe3b415e80bad80ec0af12f2,1,521d6dfd31b0459b940ed89f1dd3b405,3c0401db453d4a499b6d6f92a3cda4dd,2017-11-15 00:00:00,125.21,21.07
34fb7b3ede3b4860924c0beb7776b857,1,694d77d477a5438dbbf0fca2b4bb4240,5745384de3054c68a8eb4d8fdcd087a9,2017-10-19 00:00:00,34.62,18.73
409b79af20a3421eb6df11a8f9bff81c,1,4e255bd7976342ae89258d6416ed2d2b,ba0b3a3070db4a6fa0cf9be6e3a14e31,2017-11-18 00:00:00,91.28,27.07
3b9390b540fc4206a2a0b697409753dc,1,e6ccda14fd3547ddb1b2dd4d93a815d6,c406f9d9baa74783a09be8ea9f7b0d4a,2017-10-22 00:00:00,72.21,15.87
72962559db264a6ea7f6cb7b2c2683b8,1,4ea38444eb4e4adabacf96672c7b0091,99ee107029924a00b8fdf7f1b6ea500b,2017-11-21 00:00:00,147.58,23.29
f29c14b1e5a047a6a651c65d6692e629,1,d3eefb2f580442fa964dd8410485674c,5e51cce8cdc44a3694f77b242b07e5b3,2017-10-25 00:00:00,55.05,10.45
59853625f829469f863032fa4e226b90,1,e22d241aafbb4532a62ae516a0a8c9d6,985352f6190b4ff38b1f742d9c71e5b1,2017-11-24 00:00:00,138.35,19.24
99fddedae60b4a7aa4bf6f011cdde570,1,66a26b0251ee46c5973e55a7a66685b4,42ff50946cc247578d0b0ba68eaa7f5b,2017-12-24 00:00:00,52.85,23.93
77c52da4fad9471192a9150dc2c0eee2,1,c84273166d3f47f395dc63d2ed1e262e,14c468c811204d6dbd1353933f8db2b6,2017-10-28 00:00:00,75.23,22.61
3f9c868113e14659b2cb59f588539064,1,d38274fc54b64377af03fed4fd48bb6a,0f6fec8a3cab4ff5af5f8a994f7c22fc,2017-11-27 00:00:00,43.15,12.36
3871a970762c4a2299d6c6ffad2c74d7,1,f8af04d7fef54d0e97c40a93f5cdc36a,e25b9836e6004fd080b8c23706e3e695,2017-12-27 00:00:00,134.96,15.32
8e15f2d3d1ac4f4b8e194919a14f514c,1,97110e49e84e40b79a0f9df0f56d0b9e,37942c4be0b64c30a262072e292f36f8,2017-10-31 00:00:00,137.53,18.99
cc8f56f3be7341dcb712af9f4b91b3fe,1,29e8e473492a4055bff3be6d6f3cdd5f,86dba4227d4542c99105b8f847c3582e,2017-11-30 00:00:00,44.46,28.05
d2e7ecf6881146279850af9eea7276a5,1,f5c590eaa9dd4943bff8525e7372ee21,d30a2a6d3e2c4f478cdba6ff9203da36,2017-12-30 00:00:00,75.89,21.58
c340a8dad3904556a62fa294563803c3,1,b0d8178d907245f48f726fb86d80a1c7,be263366d2ca4261bf0fbe2a46543305,2018-01-29 00:00:00,158.49,25.17
b4875e000f284f2f8d858f3f68a5bb95,1,02be1c53bab345bea650c5748ce7ffe0,f33e5e6d755e47a49526ee6523e87a80,2017-11-03 00:00:00,124.1,21.68
5d9eae58f18a41adb7d97a82705ceb0e,1,8c05aa20412641e8913711f6187ff585,40a105abea3a43db965e8ab462b7fba5,2017-12-03 00:00:00,92.37,10.83
1e789c743d0d4065aa29f385774a1e0a,1,c03f5a838de44a44a4dc331aff61fd45,436aaf315fdc499fb86978b6efa621a8,2018-01-02 00:00:00,79.48,12.89
3660b26aa9454d7b9e4dab9774142932,1,30fb2bd5717c4cd3bfb82f506cc2ce30,39270728aa1742639fa8a8d18e72437d,2018-02-01 00:00:00,55.59,28.5
dc60dd7f58bf48e2a11dfe642ed4447a,1,dfc16b21c09041819d970e7f353578cd,69b432a67a5f4c2d960c25b424460f8d,2017-11-06 00:00:00,118.64,10.46
5e7445ad79ab4e36bc58d57230acc099,1,4b9caea43824455f894df07a1a34ffd1,136e6055b3a946c0b21271847731b40f,2017-12-06 00:00:00,102.35,25.65
ac8cfe9589584408b7af6b1f60df8f7f,1,782f25cdcf344156b32e4fdb2669b893,e7823c651d094e579e0540946f49906d,2018-01-05 00:00:00,103.61,28.76
8acb5dfc75c74667855504c74dbbc3e0,1,0f90cf91ce6f470d8345345b3346fe25,d52b5e8492a946b5a89e9d1364d738e9,2018-02-04 00:00:00,101.02,15.34
c92c0660225b4aad87a55aa89fc3e293,1,a7c9dada62fa43b489f05255a210058d,37313c60b353412a8560d0618de2dce8,2017-11-09 00:00:00,95.84,10.43
f10b2d0c2bda427e9bc92cfd75fc6848,1,361ed2e658054b759897e3de4c8db8ac,7c9ba6f6a8fc432cb9f2fd7d55d95941,2017-12-09 00:00:00,51.04,21.08
ef20f1ffd5be4cdd9b6e74ed70f91da4,1,5715bb5c3442407db1afdee173afcc45,7c2b5971417c48c5a938990377f6d882,2017-11-12 00:00:00,72.19,23.19
87a5f3e1327645e3ba7efac1ba407a6f,1,f9b1e0353d3b4d758848096f87489bfe,c1f1fd630631429498de08b77467c84c,2017-12-12 00:00:00,145.3,12.15
280b4f7937aa45738cf6c9ffe94fc9d1,1,867884dd66e64b549d531c12fb9cd6c7,fcd6baa195ba42c89e999c6b775a74b2,2017-11-15 00:00:00,35.61,21.1
eb7fc4df98714709987dd264da0f094e,1,7ff6b2f69eea4616b5978d2211b1ab80,81865bbd4cf04aab93a760c4e6462d50,2017-12-15 00:00:00,151.24,16.34
cd3a02240fb74f59805ee38dbb13dd7c,1,d5275987a0334fde807a9219f2fbbf54,767103a752c644e295bb7eebbb643541,2018-01-14 00:00:00,73.64,20.3
54a1bfcf27f74c48b3ff6e41788d6e8d,1,4cde6f3f3a444b8ca8ca688217a0b371,f524fd3d530040bf8d92e2cd343922cc,2018-02-13 00:00:00,54.69,10.9
db730fcc8cae4e3eb028cc6d8870a183,1,8482ad87df104a46a41830e80d14fa78,db9d9b2f95874cad8b34ff4919522ed9,2017-11-18 00:00:00,163.75,24.97
b5158e2e23bb4e67975ed88a54367a1e,1,7d9e9049ed3242ee92e0d369218dc0d9,fdff431e9e1c426b844090df41e4556b,2017-12-18 00:00:00,164.02,20.38
e26b90bdfbf947078fac0ef29bd40c6b,1,bed3fc47414148fea60be000063ed2c5,5d70b135d78543b2b7cc470764fdb57b,2017-11-21 00:00:00,129.25,17.47
8603abe2f855459aaf1584c43a08df61,1,b95fe479371f4a2cb75ee8a43054ec4f,7da23b2d42df47558250ba6f75379640,2017-12-21 00:00:00,69.37,28.74
53dd941232c64f268a9bcc71668a9bd1,1,30dec28742614ecea573397317370442,8f53d654da084e43ba1edb1c421a5917,2017-11-24 00:00:00,154.67,13.07
13bbf1cfa87247fe98b6cc5871f9ea3a,1,63b0edb6154f414993fa0208cee8431e,4642449404884b1ea7468e6a71e187ea,2017-12-24 00:00:00,119.91,27.49
70240d85851446b68c579fb592d8dd6b,1,5d44fbe4313043278c9023d1c6aaf074,161c666e4b784fe39451a27798571597,2018-01-23 00:00:00,146.61,29.44
f91e6949370248f9a684bbec0cdbffee,1,0f0f398ba1184a77ab9c1f0a53c4f1f9,537ce3ba92404dafb593e79216f788b5,2018-02-22 00:00:00,51.58,10.28
cd593182def24cf7999f8b398e195a05,1,abfd4e5072054cef91a1899363a1e865,de7747b74c3e42458a7b66fdd9e829ba,2017-11-27 00:00:00,131.65,12.44
cd76e821307d486e986c3fc253e48dfa,1,69b9b74b353d402089c1f90ad8e0d9bf,28f4796094ac4645a6cb5ac67eae23ab,2017-12-27 00:00:00,117.17,14.0
4dcafe06348b417db1c1490476daf3a4,1,d66553858c49480297993ad995b48cf3,446521a597c9469bae504f71830e0c34,2017-11-30 00:00:00,140.85,12.62
609c2eb5139e4ba0b7c92845d9d198d2,1,f11597d508b241aca051ca212622d80d,c7f01007907e49b3a9b391abe8bf532c,2017-12-30 00:00:00,169.13,17.95
e2ea3a743b35480fb4a22f60302f58df,1,94356a0d32164c89a8a3b54796c80d9a,fd8af062d8154e8f80b635f69b3f672c,2018-01-29 00:00:00,129.43,29.11
691f1bd43c6c4a458626dd5a5f2f2e5d,1,111339f330264e7d9d410bf03caae03e,1dd804d7574e41f29a20737d32ec6ca7,2018-02-28 00:00:00,168.72,10.5
fbad2c0979394fa7a1032326c060446f,1,3c7261a08d1648c0917fdeb76ff39cb6,64562f11a3c8424cb2d2d3e5450894b9,2017-12-03 00:00:00,45.88,12.81
13d5d24a11284842af6f4c1e905f3960,1,e9b91b6034be43769d7936d300696c8c,b3b9466067da411192e82f1110593104,2018-01-02 00:00:00,119.41,28.66
aa530bcb9cb546d08cc3ea44043309a8,1,d5fdf074793b46bb8135454bfb4fc922,a12505b26a5c4deabc7d16443405f0d2,2018-02-01 00:00:00,100.11,25.7
4d38671c704340e484083287723fd338,1,c812d74f224149b9bbde5d76fb9de906,9f759dfe062d4f2dad23f74b3bf4c28f,2017-12-06 00:00:00,154.41,25.94
dd012a611f534e95848310684cc9d05a,1,1a532cc7d8274830931c439286758b61,6d2d5a4ecb8e49c0867537f4e6be1fec,2018-01-05 00:00:00,120.9,27.35
74eff7f4acc842a99e6ee0947af3e5b5,1,0dc0fa7e01764611a27e5ccfa0d2875b,6e56a482030848128dcaceb7911cea1c,2017-12-09 00:00:00,86.13,18.52
a892c05d878e4cf8b58a5916f9bf3e35,1,754ad80a24a64e14bef2072166c79300,89721496be56470fbeb97b104aaf84a4,2018-01-08 00:00:00,160.12,19.08
65adbaa90cf249aaa523db4db1cf63aa,1,51f3c2877a804111a15a9bb04976064e,7a03d2d91e1c456c82d1c70572f41426,2018-02-07 00:00:00,141.9,26.33
cf5ba6ab01934915873097a8a16426ae,1,6be9df1a30a649a6a0027195483c25b5,233290cdf46648099e9dfa47533e4bf3,2018-03-09 00:00:00,39.98,21.89
462d410a6d7b4c0d9d99fcc9f5577119,1,3a3a899b3b414726839fed14d1cea882,cbe93280293a41578b5221a21dc01998,2017-12-12 00:00:00,76.55,12.88
40435540ca404a55a6a0bf4f1776dbbf,1,19f85a54196e4763ad3b1bc06cb346e2,1910d068f92042c8a2ff5620801d8683,2018-01-11 00:00:00,72.71,13.07
dadd699b94cf498fa5aa3767fafcc81e,1,204e1ef6b53f41059e8082a750467900,3978f51d44dc427f9d53223edc71d141,2017-12-15 00:00:00,38.31,13.49
021a001b7cca4bff9c0a37c099c36073,1,bff08e604e23467a9075aea1c311b00b,5311616c80014d809b6fde0a572ecdc4,2018-01-14 00:00:00,118.67,23.61
6ba93af1c24543a99f8ffb8602cbdd83,1,0f25eeecfbad4be4b523c68fdac12ecb,69e0d16b37cf4896aac20bedae0d8540,2018-02-13 00:00:00,105.68,27.5
69fe757b519b4ac19b836abf59436d76,1,969d2af684f24693bc528b7ec9af020c,a1bd3f6c2136462eae9c4a26874cb0f8,2017-12-18 00:00:00,57.22,14.73
e4774238f5b84f7f85090d42d0124062,1,7564501a6a91423ab55b8e5810966004,d246d9f7e960458ca7d406fc912901d8,2018-01-17 00:00:00,115.68,18.33
ab0fc7f2fec4488da50c69a450a8bd17,1,470da5d3367f44fabe13fa49108a014b,d1e3e78f8b2344edb90867ef14a996a8,2018-02-16 00:00:00,108.56,12.03
5c8937f67b2e4564a42a38bcece0bb1d,1,350818ca0dcf4123821217316a810165,8a9db9c5c087475cbcadc4ea7dff2902,2018-03-18 00:00:00,37.79,28.5
3306ae86cab845e98b7e3a655f4927bd,1,b81542d2e49f42b6b02635a53f9a8369,c173af1461ea409eb41024266b337d36,2017-12-21 00:00:00,165.4,29.59
4bc8d04b80b840e7b722cb33b58cb339,1,b33a0d58220e4867a9bdfb3bcaf3de29,b181ca8273fa4a949286e3d939a6bf6b,2018-01-20 00:00:00,126.37,25.58
e18fbd506b534f108fef3a56096e8f3a,1,0e493c9b2958410b9ca689f7a04baf67,cecc16ee01f24675aa5245fb3729dc97,2017-12-24 00:00:00,107.13,27.15
c920566a9cea4835aa029985d07194c4,1,86f76c6cf19243a583e96d4c90022022,6b037651cb7a4ae09378a5e3efb81ec3,2018-01-23 00:00:00,87.76,22.79
ff663132667444b488752515f5d4bfa8,1,b1776cf7cb634d938039cdee3283eef3,787905110dd548c9ae822ed4c7251b81,2018-02-22 00:00:00,101.68,18.34
49939a6402924ce98c1ec4ddb6c0ba40,1,b5eaf336bcae4f7d92fd4ae7f794de1c,04e490a51a5646318e367078b81bf23a,2018-03-24 00:00:00,85.13,17.33
9da21e25605c4fffbdebc56e9b76fe12,1,9f3ae5c699584a04a8f5f68d02cd02f5,517f3fa8105c4ad2b5cb7985b29a9d70,2017-12-27 00:00:00,132.86,15.94
5d3cf735520a4f46b7862bad9b7fe863,1,532c69a07a0249cf834878238995bd13,0517dfdf2a524cfb94b68002e9ba2c05,2018-01-26 00:00:00,102.14,16.57
858a40fe75d848709e3d93458f244919,1,f2c870e3df86458b98cee4085ffd0439,6a14135f65f84d80bbda9cd5bfbcee08,2017-12-30 00:00:00,127.89,26.09
346a881e6bee4a1186cd5c0f32d99d05,1,35384b56f2364e7387261e64f6220d1e,ca1d88e8aa694e0fbc65846a98153e07,2018-01-29 00:00:00,124.94,15.76
733fb981ebe241c3bad0b5441cbc4518,1,3448861410d44d6682ea3cc97dae22af,a7432e32d27949f4bdd7eb8440605b6f,2018-02-28 00:00:00,134.22,27.21
ecd50057af924f68815dc903efdf15c0,1,699eb294a6d0444b87f0d6348ee8fe4f,d71d76b226bc4ecd894acae76f828562,2018-01-02 00:00:00,44.26,24.51
9b54af7289d44173bed1b8db844cbc56,1,b39d4b5f517843548c2b51e8b9e5235d,7e429266156845d1be6022e043d99fd6,2018-02-01 00:00:00,170.39,12.75
e1f0439e8c4743a8a1fa8c666bbc022a,1,0c7a1bf1b780487ba179c883ac2f78d4,f1b6bb46457b43b89ec83d74dad08c3a,2018-03-03 00:00:00,119.05,25.65
4b7fb9c4f11b42f780a1c004204fe2c9,1,33641359177b4be6be5ea4a4a55213fc,a1cd81a20e7d48b9a3bf819d91a3640c,2018-04-02 00:00:00,171.9,15.07
ed29008f36f746769b40c7599688b60b,1,0da8f22bf68b426f8c6a40c697577f27,7c6b993fe0d6453a91226faa75fd3fff,2018-01-05 00:00:00,122.42,13.43
208f3b18b7ad4d088d8fda9d47c0e5b1,1,6eb5cfd6442b45c4b163533d43592cef,8f9cbba99ab2490692946426d4ae9f17,2018-02-04 00:00:00,99.9,20.45
cc3ac355edbd4803a34360b7122aff70,1,61eb898b9093401b82db4b2bc0181287,707a61a666994c5499ef6d6cec1e99ec,2018-03-06 00:00:00,149.89,19.84
b1811f214679496ab59247995d4edcb7,1,fb17c0a3ef5c45869a4ad4d8031e4897,324077f6420a48f990d76c12e89b1dad,2018-01-08 00:00:00,47.96,12.34
880ccda975df44aba2da183a39f851d4,1,0677965789aa429491e201a9b1c9d80d,ea5f1ecb41234697be658b741f1b109c,2018-02-07 00:00:00,92.79,25.49
182af7a3781a4179aecfb3a453a5f257,1,08bbb18b215d4deabc0349a3aef8583e,945f32d58ee841c9ba8d2cbc65d2ed22,2018-03-09 00:00:00,80.05,27.97
26bb2173653d4346bb607a832199a91b,1,d535c5eea1044298904a4b65f98bbc72,c1d58df9354d40fc86050ae6594a2dfb,2018-01-11 00:00:00,84.63,16.29
995964274fcf4e15b8696b095e46029a,1,b6338ad8628542f49caa0ef2dd0a67dc,e8d8791aca9f477ea2f946f3a6c42282,2018-02-10 00:00:00,170.42,18.76
53a772e422f84c6b9d6334f7e49829c7,1,3688d116249545d68dcf727cd9010656,ade55a9f708f4dedb79b620f906e2cd0,2018-03-12 00:00:00,139.45,21.06
c5d4054530f54874b54b4542f51d6e4c,1,5f536f6e4288400da099bc47a73c3cd3,2c7471162457420884d9dc1f845023e4,2018-04-11 00:00:00,101.91,17.53
d0b97c8e5afc4ad493a3f298bb808ba2,1,eef9c948f58a4dc0bce23585742f920f,ec729f0378c14c3ca13dad8ad57a4beb,2018-01-14 00:00:00,172.68,12.37
f5ae555cb43a4c909b980e2f7bbdac36,1,b8a525f5f02a44c49360e27968f3cbd5,879cc036308f4272b4894d1997b8ca7f,2018-02-13 00:00:00,125.56,12.44
8d64fc438c1b4e82a5718fbd26db9829,1,354ad7280a454a489496c74629cef739,1e41efa5d41b4c57a4a6be5421a5ef4d,2018-03-15 00:00:00,31.85,19.09
5e616321ce1f49779d7254599d1a1bb8,1,0179f71a3df34e658df6349e09ad100d,2cf4ac94b4a54f7fba9c3d7a175294c2,2018-01-17 00:00:00,98.78,18.85
f2139426513149f3a3c3b3b4af9780dc,1,7a651546c54a4275aba5eac6aaee7f22,fd6e6aff747d41a38a691394bd86fe50,2018-02-16 00:00:00,167.77,25.63
2ee6b326db5a416a8e275a3e2daa7e0a,1,234aef4348524169b8746ca0f431f95d,7750ae6e00c1455dba8ce150655f6ae0,2018-03-18 00:00:00,161.88,15.68
72b219737ebd47a3ade0ec1ca124ef51,1,f48adec36e6642adafb4c2d1395223e2,a5b757089cc642bbb9fba8e4e2926b8c,2018-04-17 00:00:00,45.96,29.98
bb85f57184d34754be25cdfddc90c37e,1,92b7132e731447bc8bbfd250477845be,08a1b91b4f8a4468a8e5f99baad4316b,2018-01-20 00:00:00,43.57,27.94
25927b7e26bb4f818667ddc8b206cd8d,1,892972ad470148649089d381d68a49f9,2f4669acd0464e21a0aa00ee0b97ae19,2018-02-19 00:00:00,51.45,25.54
d587369fb3c5407e8194b5045c1fffc8,1,c9aae9034c674e849db42b8dea3a9948,0972c85f033547e2a67dfbd727d56e7a,2018-03-21 00:00:00,166.6,23.13
a810cc8337df4cecb8bc7de805f79170,1,808e0a2aa81548bc83415c3b73726315,01431346ae8e4a8b8aa958e9c45d141a,2018-01-23 00:00:00,37.75,22.12
4c6aa164f5d84c1992f8c44d0d609d7e,1,e0328ac75de645ea99ceec6c91b3388a,92945ad12e9f4ea196ced10d9ab324ad,2018-02-22 00:00:00,157.41,11.14
63326736b8944587aea29b00aa4969c0,1,210f13204f894e48943c53ddea1792d5,9715d9631cbe401e9b24de92cd499d6f,2018-01-26 00:00:00,145.82,23.96
78c6fe9a751947dea58b03440dac0ebd,1,a7ed1b77dfa6479fa73861dd97280158,3afec7fc8d6e4ee09e4d0ab48533d3fc,2018-02-25 00:00:00,36.02,14.04
83242c928ffc4b6dbcca70ba90911cd9,1,5b10d0f89984429e982741a0533769d1,6a56e032a5784b47bfe910ea9dbf396d,2018-03-27 00:00:00,141.78,22.6
ace53a523b41459ea428a91b52a85465,1,fffb3b75c3914497810e220bc6d90196,a61bfec0464c47bbaa037a09badc3ef5,2018-04-26 00:00:00,53.28,24.69
a1a035f56b754fcc90c32d7d8e2986c4,1,54ee76876e734581a056f5a669ef5b1b,f81d7bf6647243d2b2d6ea3549f8b71a,2018-01-29 00:00:00,136.49,29.6
bf321baa5bea4bdfb78669aae9beee0f,1,00a04960c79741a6a77dd92104c1af7a,e386fb7482034843ac7361f5e0726aed,2018-02-28 00:00:00,122.45,10.85
fdbcb53a48444052ba0c8ac8b2205d93,1,5ca6dd3e772d4960b4045e92880f82c2,3ee516c1653349a48282a253ba6028fe,2018-02-01 00:00:00,55.97,11.83
c2f68144d2854e48ba5ca9115001b564,1,41126e93234c4e53ab3d747d1c89f092,1152a746bebd4be4b9324d1c8cbd7991,2018-03-03 00:00:00,177.0,19.17
7ae19bb041c744a7b1078b2aa4799223,1,108a97cbc40a43cea5ae44808df65193,b7538d6c67c44eb6ab8845a071e938cf,2018-02-04 00:00:00,115.86,12.9
8ca067d6e863406295b4dfc376617004,1,01ba60ac1eeb4ab083e39e051ef6b7c8,a97e75d90ba34ae9b7f2ab70418c1e59,2018-03-06 00:00:00,116.7,24.0
141d100821484baa82749684f0cba1cf,1,c73944b532114aeca4d0d9f905ec2cd5,c2905159c8af4cc4910eaa44a122617d,2018-04-05 00:00:00,171.09,12.97
f748b38ac8054d71b2732220f4b7c461,1,772b87149e35469294ba249e67b64d65,d2d8598ba32e4f52b7430101a414c4da,2018-05-05 00:00:00,101.13,12.38
f5194007269944eb8758e2d40bc389cc,1,5d4b34efe6a74acf8e7abaee37ff359c,ac4397669d4843129bfdf56e772fd8fe,2018-02-07 00:00:00,75.71,18.56
38c410456bfa4c2daf1aa94be662ec61,1,f37bf85cfdc345e5989380fc639763e0,8217b6ad9dc84c56a9fed32e1ed95f2f,2018-03-09 00:00:00,125.19,18.24
8ca7735b7338414db2bca96a001115f7,1,947df0a8ada2467ab4e5cff4acd9cae9,9616a492d2974265a3164963265b37ba,2018-04-08 00:00:00,118.25,16.34
6569f6a539154584a8e48954f308fb72,1,5fcf798fac244c84b357e148f88aa441,628b313d891040189dacd409c1106063,2018-05-08 00:00:00,92.76,19.48
c0346231541c49bd87666a61bd607f78,1,33250903b9834d83aec8d2f3a9c7363d,68c9c3bea9224d22be97d0cc3c98502a,2018-02-10 00:00:00,114.87,24.04
3af697afee9245168ee1d7a118be0af0,1,1964927adb1243acb61d9e297559b70c,e7e8d7d844f14b83ab95f9c09e0a08e6,2018-03-12 00:00:00,77.43,25.75
6cd31b26e7cd45d488ab83f75f5ece27,1,29decb6551f44162bb95a168bd8962ec,9ca0a49e0f8944c6b8be9bc0c60d14cb,2018-02-13 00:00:00,123.9,17.21
46523a34504e42f3aaab0f83163ffb17,1,9c7939c042a748d5bb8d014483209c40,7a2eabc3064147f3a19b3a8e38a6d425,2018-03-15 00:00:00,140.51,27.73
2b2eafd2851f4caa8d34ed7c7be3e6e8,1,a202d8648cad41bf9c644a9fb012b17b,e61ee95be0c14204a5176717386539c1,2018-04-14 00:00:00,108.04,26.0
427e0e9c4be142a4bdfb8619fd12c2b0,1,4b663c072e044f80956fbdac1a437593,629f483cefad469b98d2023d2c0769d8,2018-02-16 00:00:00,104.12,12.32
9076213fc18c4cdeb94849e098fd55f8,1,b3ac85ca4c584a738465a2dd091859b9,643235141d6a43eb8e198a4462099e6e,2018-03-18 00:00:00,156.3,11.11
c8b86ba0ac8949f3894d479da61e801d,1,9206f1b96fef4c5fafe0d0a91b1c89f7,00c6747004d74ba0b592e48f34cd617f,2018-02-19 00:00:00,55.95,16.28
af6e977814f34915a51252be245c926a,1,e346386da8e9471c83650fa8ca60dce7,94a7b8e123e6423b9eff9c6eadf9b250,2018-03-21 00:00:00,154.08,27.13
19f390d54af14525ac6caf558c667ac0,1,7d3818fd3f68486582bdc1e38badd12d,a67c7efd6d5247bba053b92faa40804a,2018-02-22 00:00:00,120.13,12.39
22423c812fa84142957ad9324f4afde3,1,ed0840d372674e2eb9ecbf4ce2d989e6,6ea60d266cbc4dbc88aa15e50a0ae6b1,2018-03-24 00:00:00,173.76,29.91
3a326b1866bf4ff683e95d1608e7cbfc,1,4156fe9c3cc24500b935d0384e78d03b,7343c965d1174d3381640ce00d9834e1,2018-04-23 00:00:00,133.15,24.11
63d5a39268524b71a30a996edce2b045,1,d7ee4b0f07df4d5cbcb80809beb91838,987df16203114c56bc3f1ea208864b88,2018-02-25 00:00:00,31.61,14.18
1b8916ae536d46669c8547badd6af7e6,1,418f35006df34446bcd86b3212dfb400,36df4a01a996491b80838fe2fc767bfd,2018-03-27 00:00:00,54.56,13.32
fee273d1a63c470b999c50ca5e144762,1,d1bf61aff70a4722b286840b600a4858,a4f66d5634eb46e7873b4273f14387e2,2018-04-26 00:00:00,113.4,26.78
6e55da12954c42e4bdfed1d377705f03,1,f830c4d0fbc441b598fd9c09fbd543ef,669c146b64514997bfc96dc8742e14cd,2018-05-26 00:00:00,51.24,18.96
afc42c5b74fe4668b836cff7ba1bc74b,1,ef1a0ec8a1b04a84aa045533ad65405e,3a03d44fb3cb4c988a63a8bfdfe653b1,2018-02-28 00:00:00,143.3,18.68
d65582a115124812b83501a2c8397f21,1,965d9c8e4fef40c1a33237cd85fec821,d0f6547308ee450fbe2b545c03a470cc,2018-03-30 00:00:00,57.14,28.14
4527b9942169457eabb0dd31b8ea0bf0,1,5637ee440892434ca919b36bac5b3d0f,c9a955cbd3a54fe49110f4d5aac3e18e,2018-04-29 00:00:00,64.93,15.84
4ed9ac8fdde94d1b8eb18dbd89ba5bce,1,ce880cc31be14b35a46695c3a854f5fd,61909b13dc85444fb94fdf7b0aa52631,2018-03-03 00:00:00,103.99,11.68
58c40df895664980b27bff1364533130,1,0a651e0c28c64b3abd2d28ae4efa65a4,829be145d5df4790856cc7af5fa052ac,2018-04-02 00:00:00,125.64,22.98
c7d52a8616624ad59eda8272bca6c237,1,e931819926d6455ba744e6325b318677,fc28e5d5404449feb2000619b1c02223,2018-05-02 00:00:00,144.44,11.16
322a657908054eee9eb657470a8044b6,1,fb02a08c300943b7be18cbec9c7513e7,9cad205bfa5d4f26aacc1c32a6c74473,2018-03-06 00:00:00,80.77,26.89
d14299004d91461cb5fa8f8ec54c0f69,1,8702da6c5fab49008f02b69df323facd,7f0cdba9a938439fa4c66326238869e2,2018-04-05 00:00:00,157.8,20.1
c8212cbab9b44e70b7944b5dc5f945d8,1,ee947b801e8f4afa9efe046ab5324449,4c0f669ade784b05883c131bedd35d4e,2018-05-05 00:00:00,118.07,27.01
6c238dad2aff4837b875dd42394af94c,1,5d7a3c05b23d4dd3b850bd2ce3d99aee,558b4ba630f9413c87d52a0e45f04e92,2018-03-09 00:00:00,109.71,12.1
154f2265ad4a4f32ab957a983ace3263,1,da7b7aadb4c9483587635e7a534a39c2,6e6e2794828d47d2b057721e51837f0a,2018-04-08 00:00:00,124.62,13.55
b87fd8ecc2bf407f8f7b207abbe24cb3,1,0ef19c28ef1b4e78b3764ba3998ebbd1,d6f0ce9d3c7d48edb9d8506d7b5de488,2018-05-08 00:00:00,58.74,10.5
51335f14293243a9b892c0dd8d48bf5d,1,8c114174315f4d0483cba4669880b2ca,2dafd6ea38fd494ca5b23b3251db0c0d,2018-03-12 00:00:00,76.13,21.97
5ef93b9b19cc481bbe3f7af3a91f8346,1,437e63e44e354c5fb63eda9656edf931,03cff9d26df046ac86eae62cac429ac6,2018-04-11 00:00:00,135.46,22.68
9a8a9447d71f406f8896bdd3bf18705e,1,23d49cc189d549cf99ed6a5c6e4e7085,136193a4e0aa43568c1c0accf4aca5c1,2018-05-11 00:00:00,123.05,19.55
e61777c769a5449c9b0acbd4f1f574ac,1,e6090f2629504e5780b08e6a39deb0e4,f670b2103e4243d981c560d3b1caaa28,2018-06-10 00:00:00,138.1,29.26
963275dd70b94b8ea396eb8dceaded83,1,fcb78c7decdd4ef794a28f69030a9a97,45664fcee60b4e2f9e5956b09c5d8684,2018-03-15 00:00:00,47.12,24.65
10a6caae2e66406ea4ec39b4a3d3c4ed,1,6092c4d09d9e417cafe4ca66d2df07be,590f01198b9d4c66b79de1022c7df361,2018-04-14 00:00:00,112.97,23.08
1b9fabf61aa045d2a3c6bf4d05207cfb,1,25f5e4077b5c49529306eb0fcde8b30f,5743be39ec6b473dbf596cc5c120327a,2018-05-14 00:00:00,73.23,24.68
c059e051b2114faeb0127c94c5bddd52,1,ff0122885f234aba9eb80e6151c3828e,2f2ebced0e5a4acfa3d7e9c9ac450bec,2018-03-18 00:00:00,48.58,10.82
3e5eb6ee17bf46f69d3fe4d6c4c5627f,1,86c8a6455acc47d89a8fa52f9d475b34,45dd04d44e394fd1bb9f478b456d991f,2018-04-17 00:00:00,103.45,29.71
8fdfbb01c1af400a93f99db148b1226d,1,da2c96118d9e4d739883e772c7372651,833c7d2b8b4b4677bb6c85d336982bc7,2018-05-17 00:00:00,91.74,25.87
f4fa7cd97a2e40afa2780796650b5ba3,1,bcd5831f8a2044af9bd2828d69069521,6e362a5d19174492a815a02c355c0e99,2018-06-16 00:00:00,113.32,26.04
d5b4e08620ca4505a8acee5b7a92c264,1,9a650b7fdae14fd282948f8ccfa78d8f,dd04b36cb817479391bff9736bcf06fa,2018-03-21 00:00:00,35.55,17.45
de39acd2d2c4450eb9d5ca93860507e3,1,0a65ed2b3bb941c088436b9ef30cb560,5ef2946b3ab047f39a450ee7a90f000a,2018-04-20 00:00:00,131.3,24.27
e5286c9738e6415788ff9e29aab5c9bf,1,a715258967be45de951963aff6692721,01d8231119e84bbfa56c33df22615e80,2018-05-20 00:00:00,159.82,24.79
6c0a86782ab84e68a247a2c55872d287,1,2229426d5de8471ba53945dcae09e251,e2ce3184bcb74692b86f709163a83b99,2018-06-19 00:00:00,65.18,22.44
cdb90bc43d8342d99b5af32ad97f20e2,1,0cd230884d7947bbba628735b1b24e7e,f83a74fb38aa497ab896103b808a1b91,2018-03-24 00:00:00,107.19,23.55
53471759899b4d5e879d1a7b95306843,1,e87595b541db4b5d9e26df879374b6e5,18e2b9f432c04ac0b33ec0fab72db730,2018-04-23 00:00:00,90.2,27.91
462eee31f110449a828f4e0bd7f8eec7,1,5d766901122442008a926473ba5a2077,adf2cd7ea97042b08a963509fe999d0c,2018-03-27 00:00:00,157.92,16.96
05cefb1242674f35a80000a7a7c01a3b,1,9f95863145b34dab823fcc07433b8b47,33c91e4b90bf41db9becee66979a35f5,2018-04-26 00:00:00,118.55,17.94
f27029a7b9544b0e823c17b4e75cde39,1,4baace5552914891b4e74d567876da87,700e11233bdc402097037943ad2bfa1c,2018-05-26 00:00:00,162.98,13.75
eaccef2740214df08b039f867e912179,1,ed89d97289c74299bd58e571edbc1815,9778db89c7eb40c280e04b066ee4a59a,2018-06-25 00:00:00,137.65,26.15
56d90bcb10b145489be505f57366f594,1,c81de2ab66e14547baac23b14e060bb6,d09becf6a044441fa21428cd63025035,2018-03-30 00:00:00,91.19,12.74
60330145fc0c42ed95880c2370eb2613,1,5c4b3ef84272465abd2eecf5869fd898,f4af8399c20a47a08c7bca411410c741,2018-04-29 00:00:00,179.64,24.02
177707a90ce545958a232eb91551a7ca,1,e8392eac43af4ac8802da0549e2342de,66ac1f0cd3cb415eae06ffec6f210eb6,2018-05-29 00:00:00,167.29,19.94
6a263db1c24948a88d6b3fe022543561,1,7b383d91941b4dba86a98a9be8c566b5,70882e459a3c4ee88d7f3e1713e9e125,2018-04-02 00:00:00,40.08,14.04
d6cf556469904dca87ff847399766af0,1,c9ef94b0550944fe98752c7355b44a07,203d50d404284436b5189bb498bebf46,2018-05-02 00:00:00,97.99,22.69
dee8bc0c38bb400e9543ade393fb817e,1,cb174db2586246e79ce5d35a332c567d,bb849836910e43fbadd74b5f3d81210d,2018-06-01 00:00:00,173.88,25.04
6698d89d46b04c609e9d3c9e6aaa777c,1,6f7cb28503524d10b9fd53fbd137f54d,5595197dc12e4a5eae282b5cb144ad80,2018-04-05 00:00:00,164.55,14.7
9e4a160293034af499f45c74c17f5588,1,3421b38c1ed14ea08fdb92503e7d55ac,202d17a1b3db43faa5a5374b9cc39283,2018-05-05 00:00:00,166.36,20.59
fe408ecc2f8b46d1ae8607ae05850eb1,1,b488aba1c1ad4ec5975cd7e4aa14f516,e13b47fdfb8a44bfa62f313ad8c1156b,2018-06-04 00:00:00,128.02,15.99
6221b02a7ddf41729b0f1b5a8081a2d5,1,9c30b1d3d8834c2a950088aedaf2aa59,7b62905069c347b2bbdce388325a1476,2018-04-08 00:00:00,53.32,27.49
5148a1c5c4cb425aa7f6e68cdc7b494c,1,e72985a10a24499db4b0b1f026f3ce99,6bb77cbb02f44a049421ad4ce382f9fe,2018-05-08 00:00:00,114.22,25.84
3bc90cca17c54f9cb0df1fff4603d299,1,df879316f7684ed7b0b7dd891fdd7903,792f5ca0dc2848cf9e3a69482ebe1e2b,2018-06-07 00:00:00,101.44,29.89
bcd6b8a328ad477283c8bb914e3a8cd4,1,acbe94cafa1848c2abc6ccd3ba8178e1,36be0d5e4da046159d38401325849907,2018-07-07 00:00:00,152.2,28.05
ba8150f2058b454cb2122db24902ac54,1,227d7801a9184a3b9074c746b4c83f82,52daba1f12204db99d84968f86564acb,2018-04-11 00:00:00,114.33,12.04
2034d796d1f7496cadf82248c29abdfb,1,69e5a0f7ced14a0cb031a7720740064e,eedbeadaa4b64ed08db7d9122c1c8bf6,2018-05-11 00:00:00,106.91,18.66
bf4ca2df5cce42afbf8ddd98421cf6db,1,24d85dbd7f77490ebc462ba02083579a,5eb286a95c494e35943785025a002efa,2018-06-10 00:00:00,173.97,12.06
a7827d536e5e4f568241424daee84b1d,1,7f234ee773fe4ac4828979f681c1e663,f40720f6848c496981e0c5a0805e31ac,2018-07-10 00:00:00,39.83,19.1
ab01e56fe5564d92a945fcd9e916970e,1,7c72cbe079664d69ad4b94fe22816170,de8cc95189b5432483ce6ed8cc27f63a,2018-04-14 00:00:00,37.64,12.23
138642c9f64f418daf23e8ad59cf3030,1,e85713c340854a1b85112e9bedaf9bbc,6840c381d8314deea5f3ca499d97ca50,2018-05-14 00:00:00,39.08,23.96
97735c64e98a48a385122f517c344725,1,187e19892a8f47b691c8c3569c8bd243,d0058bf1311b4ea88f20208e41508638,2018-04-17 00:00:00,89.12,18.33
cb0562887e3b47dc8c9d994160a3604d,1,e22685d852614b80808a9c35539dffad,da7ccf5b8512426faaa8396f28701f59,2018-05-17 00:00:00,159.41,10.02
3dcb07b9f37748b88034c4d5ac27d01d,1,fd71f7128586486b9709eac88b5580a3,964ecad1657b4d62b872cec7bde54df4,2018-04-20 00:00:00,79.96,18.63
5bf03c307b8d4d8d8cadd157a3cddf21,1,60067992643e4805bc51008233d38740,b97c259d2004433d964c228b6dfe6a0b,2018-05-20 00:00:00,156.18,15.21
fb9389414d7e416980334fb571b610d9,1,bddc97c194a547d6aeb08c800c195273,558b4850d5b649e8a272bc082b4702d5,2018-04-23 00:00:00,101.98,23.67
3937ca85d05c4528b13c82992b685c45,1,073293b0c57844989e528e65752031f8,6ccf6bd6337a490d8fb1ea1d5456263b,2018-05-23 00:00:00,169.56,10.97
5e70fdbe4d05493a9bfe18c975b11033,1,34234050e4114596b728b82b23e025ca,dfaf5b7f76974823ac54272dafaad190,2018-04-26 00:00:00,52.57,10.95
f1d5933e7dfe45d9870cf6bf78045101,1,e48808e60f3e483886ac0d0a164be4f5,679ce0c40b044b4bb0f3c51c2d5dac0e,2018-05-26 00:00:00,167.82,10.19
230e627ac263409784bb84abdb849c5d,1,ce026c77f23948578ab50542663b5913,f152918827754833ab70f368f7c7fc8b,2018-06-25 00:00:00,46.59,22.4
05bfaf116d774c408076034508fc36c6,1,166f7f2e54a44ff4acb0000f138eac8f,f008ddad3aee4b01b82c26df001f8c52,2018-04-29 00:00:00,118.53,26.99
9547a6f8ef7047fa959647fb3ea98d51,1,024d50cc65ff4120afecde34c24d9dc4,619a8c8a4109436796ea5fda864553eb,2018-05-29 00:00:00,158.01,22.38
9432f52104b947eb8a49389a8a183d7e,1,51c3ee006fc447d3a9b44f085c8caa75,afb46f4274b84a26a9ec135e89d0be69,2018-06-28 00:00:00,158.32,15.09
77ff24f0ef4a4f63899d14eafcc460ae,1,d9002e03d0964bceb5f2b45e8af267d4,1cf9b42da0134b17a77f6c538114f6fb,2018-05-02 00:00:00,120.51,29.69
e02e1a85d6a64a1fb103f76341b1975a,1,e6e7d8d8c54a466188afb34d24de3cc2,c912c0f851014be39e36dc0c6722ed1a,2018-06-01 00:00:00,151.97,16.37
ae8ddc7b75124c2e8bb7a78f19e673b3,1,06f673e6aeea40d8bd3523bd7f4f399c,aee24a3e77ca43d4acd224209cbe63c5,2018-05-05 00:00:00,62.45,18.28
2ff9a7f629354752bde4ba1ed1f088a5,1,76185a1650634746a4f6dd0558c3ca14,4338a3da46e94f0f85daf278e936b553,2018-06-04 00:00:00,34.48,16.93
824bfd227b6d409a887883fbce8674a4,1,8d782397856f4c45b51d48f8e503ea52,208b5e6cc6864d589fa714fdffeb95f8,2018-07-04 00:00:00,54.82,24.5
231d1b7f8dbf46ffb784cf32ecb95424,1,ac74dc0e0d9041fa836582b7c9a3d502,42e225fda8c848bb9557aabce2d3a346,2018-08-03 00:00:00,77.57,27.8
3fa1588fd7864ec08fe9eb36d3b61dcf,1,bc83e90f685c4202a317829ca997f92d,455ba4bb6b9f48e6905ad2dc749db13f,2018-05-08 00:00:00,51.56,23.86
04c5046d4b07403da37f82ddd4c94cff,1,b0222902795a44f4ab1524d8252489f3,75aa3edfb40640038269316f9e3cd1b6,2018-06-07 00:00:00,106.09,29.84
7c5a2082ac69460e9007fba66ae79510,1,b0bef682a7974f19952c1c7a8799e1a6,9756c5e1140946c6b9334a8e670b310d,2018-05-11 00:00:00,178.96,21.69
0ec59f9b8f254efe8177647bb94fde5a,1,cf060e87d75148dea18feadb56e7ff6c,44ce5ca3a5544f9ca9a32463bda2e7ab,2018-06-10 00:00:00,162.06,20.72
2b5bef3af692429c883b4deb7d3797e9,1,96eb2b1fe55847309dde55a10d0abda2,062b81436191455d8fae9e9dfbe9eef8,2018-05-14 00:00:00,37.58,21.89
20f863c800b94f8b965e9250ed638ef7,1,48bfcd3cd14b459b8364dd64b10ef23f,5401f23ace004ac58f3ca90a881d59ad,2018-06-13 00:00:00,129.54,26.72
1c55e157e2c94bbc8cbdcf42342690f7,1,ef75eee5ecf147be85011a9b35e52875,414223033d9e4647a772615b99fb9331,2018-05-17 00:00:00,64.69,27.48
b2011683afa9460bb08640591eaafd60,1,af08cb9c90104df5bb6463649b495ca1,590b0a05305a4ea6a391b40dd99870a2,2018-06-16 00:00:00,113.03,17.92
a46036592e3b4c189320ee9f2f6a93a6,1,095991a5512d4682af366a69a3ca24a6,29059deafc854315acc9ec349488a108,2018-05-20 00:00:00,115.04,25.17
142314ca47ed42e290db3de399f89855,1,fb63d1f8ccd646988b0e777b6cb71f53,a027abe3f4c34147af0da54c5125d5b9,2018-06-19 00:00:00,92.89,20.29
3e0ed83990a94e47a92b3aa698d238c9,1,2af1834cd0fc4f1984c37068ee1ab0c8,6484b601bb414eb59cdfc9a21ccca41e,2018-07-19 00:00:00,108.03,18.16
25fcb8fe97ef48d297cfc7f0a8cb08e8,1,5f27c7f04ef74340a634b8015bc9593b,9fe3d5ce08a243bba23c985f1c85cdcb,2018-08-18 00:00:00,163.45,17.9
7dd60cbab8314a53aeaa80941e0c3b4e,1,2fcbc9ee40eb47ba8527943201565b5f,432eb76defe24593b8c57d543c9a6ea9,2018-05-23 00:00:00,174.23,13.57
929ed27b224d4cabb4becbab5c3aa84e,1,9fa40fac733a40e8822fc7630d115b26,8b4f8ab369ac466ea7be1085bbda197a,2018-06-22 00:00:00,166.89,14.24
87db4c34dd9741e68254381592ac1a45,1,c6bd21056350446cbaa76978d21cc1a1,2a24d794364346eea171177a6203eee4,2018-07-22 00:00:00,140.02,27.57
26ee4ea8001749ca8c1ebc6b8ec5e3c3,1,c69b6b45cbf44362b92e6a7adc1f353c,388b1cb5ee3f4aac87f95567b8965fab,2018-08-21 00:00:00,141.26,24.62
104ff4255a264e1e8687529af29e97cd,1,cc010ef7968d43718ea4e96d7f17b9b3,e090fa8e82dd489183beb385f7682b6f,2018-05-26 00:00:00,45.69,28.08
e3da50302a7849728cb7fc24dbe0fa14,1,036bf1c5b3074296a35f7b4c974d1ad7,2d85f9b949784bfa972a50264996194a,2018-06-25 00:00:00,149.71,12.0
90643e38b78448aa838b846d5b448358,1,fb5dd2c3d27e4794a87f93b929c07a1e,8a9a60f4d638484e941bd74e7b7b497a,2018-07-25 00:00:00,33.47,29.58
8a68e52c76744123939c94f1179e0326,1,de63d7fafb774adaa37b65ccad56679c,b2df36b6de35492280a6223334d9f02d,2018-05-29 00:00:00,137.9,27.75
20c70a9ee39544c498ebdfaff029703d,1,8f68695414a64938ac580b87166d44e0,fc75e4f5944540daac50d4dd8267e7fb,2018-06-01 00:00:00,121.31,21.62
a4aac3281b6341149ec59b1cb81a3c03,1,75ae0f35331a458dafed323b957f39f8,d0fc99dbf1214b22962b253f1c5f015a,2018-06-04 00:00:00,120.27,28.71
5e651e6f35284d29add63054e2ba1484,1,0c6fcb75d1014432969de826a85caa8a,3fbfa5639a3a470cb4b172bfe7d4a091,2018-06-07 00:00:00,86.58,17.88
47995d51c34643ccbeb526cdcbaa7108,1,88521211937f4ea6be72f08d5595a4d0,0f6af5ebf9a84e7f92e8e0108fd97271,2018-06-10 00:00:00,54.43,23.69
3b2a02e0dbe34c5d97d4eb5fae8d726e,1,6870d370b1984527bb7b0dcbad947d62,1ac6d4b6653b4cc5b6e9fd8b16b32032,2018-06-13 00:00:00,66.54,11.98
3709c038135548f9a88362985429c0ae,1,fc678a648e1544c6aec8a90bb6189dc4,13a2d79b43b94968932a71477aaaa759,2018-06-16 00:00:00,162.16,15.56
4bb1660a24e94a4fbf2aa6902d57cce2,1,10e2c0492f014c1bb928e9c8324d9b4f,3eaa24d1f73843f784dc71fd205d9a26,2018-06-19 00:00:00,108.3,19.37
44a5ca35527742cdb405e6be030f5a8c,1,160441d7b9f54dfca2cd63fb19a244c0,ec1ba7b3f9cf4763b5bb2acb3e9ddce2,2018-06-22 00:00:00,36.78,19.63
f81824edc4d041aeb7674848bf1ad7eb,1,0fc589e2127944d6aecf5cc3b4895ff7,7ac828eda910411d95c3a7b28a14e6d3,2018-06-25 00:00:00,104.33,12.21
7eb6ec901dfd4cb5b4017d81310c901c,1,d32a1a75cff849eab2d6b28c033e5b16,495faa49c0c545738dff7c0e4991fdef,2018-06-28 00:00:00,74.22,25.3
5b9db1e0af7b43d88b4e6ebb54a6cf56,1,cde71ce5e6d8457595e140976858f09d,bd9429a607c44258bc911ae0b4e43b68,2018-07-01 00:00:00,177.69,29.65
ac22bd0eb069496b8887784758d0c7b1,1,3ea1ac1d90d341e8acb5b42329cc08a1,448c1f1f767943a59a980942939d5238,2018-07-04 00:00:00,40.77,12.76
0fc10e7dfc174fcdbaf9548b81f6fde8,1,0bd9c0857ae3422f8476259696e448b6,62e8096f5aa248a8a5fc805d854ffc43,2018-07-07 00:00:00,44.55,26.92
d656d7d74da54f3aaecab9dff230f01d,1,2994dc13fa4f4c41bd498b51bffb9c4b,04da0c25e57846baa55c6b16e84904fe,2018-07-10 00:00:00,111.35,13.31
d0892e1f303342a3ab71de0ababddd2f,1,9f3d03e405c94ca6a3a657c3d0488589,0f3cac1f25fd4e20984b07804705e06d,2018-07-13 00:00:00,157.79,21.68
25c5fe5e2c41478ebf68f3eb9a37bead,1,49695138fd814001ae6b481a851bc57a,71bf5196e41a40ed910a6833adfe6fbd,2018-07-16 00:00:00,74.4,17.43
d7dd194d580b4f5aa0836fc45c1f22f0,1,17792379685d46f99c2a670e4ebf4226,c57e2a7efc2843499bf9669e06c6b43c,2018-07-19 00:00:00,145.85,14.14
5e3f6dd104144bbe9579316513cbfe16,1,c598bbba3b7a4b6599f81a266bf14fee,1c0233029634493f9dbae3d966f135eb,2018-07-22 00:00:00,48.1,27.92
ffd20092ecd44fa9b55f26c946398d41,1,81c6899852b64c75b016b54a9aedff63,3daa18310b5b438192705cf6116ed6d6,2018-07-25 00:00:00,156.97,13.59
3be9589f879f435db86df3c10fc8eba6,1,5312ee8b3ace48aeb29af6455deb1684,273724b22c864e67bd5fe75cd6ba622d,2018-07-28 00:00:00,97.48,14.91
ef332409845d444c85940fe8a7dc7e20,1,c50dafb1c0234f5e8bc60bc57eab5ce1,7e532dfb0cef48d6a3a178faaf042293,2018-07-31 00:00:00,161.19,16.79
833368cfcf1949d09aad6cea2dd30682,1,e5d8fc9620f14c6285d9dd1e51721ef5,b2d5ba4a81244936a0175b80c82d9af8,2018-08-03 00:00:00,67.26,14.9
7f69c01e77454660866c35584595f173,1,8510c6e04ba648fea6119b5be89c520f,08f9df12d36e4dcd8b7276dd657fae6c,2018-08-06 00:00:00,163.2,25.55
a757740e3608401bbc86ab1fc9eddfbc,1,08e160608ebb48ccb3c136d1625894a9,565dda84474c4df4ad1084469bd0bcca,2018-08-09 00:00:00,103.59,20.59
79adb92f3a6949a9b68d7a7ad662e219,1,8b5d7c9c79a540f296cfe2b2e8fd746a,d276a6c471524122900a413bc8823860,2018-08-12 00:00:00,49.76,12.51
f65f624c200e444eb20762c05d05ae1c,1,21f8dd4bf6a84038b97c6141e9a81f0e,d6e286e8792f4b839e1dc960582110c9,2018-08-15 00:00:00,102.3,29.06
eca3dc7f83e34e4db94500cab743c947,1,8e883c56896f4ec5b4753207b7f173ac,8767ea51c75146a691bcba8cdd2c3f3a,2018-08-18 00:00:00,61.16,15.06
013ce92753c84c2f8e6dbcd3189a634d,1,67ca0c3affda42feb6e3fe1b95fa6fc7,4cf002b23a424634a0b91c8a903147a9,2018-08-21 00:00:00,47.84,28.34
aec9c0c467504237b677ac9ee7c44ceb,1,699c09a50c93408baaa0dbcb41b030dd,42da32772b724e369230eecaf92d6609,2018-08-24 00:00:00,99.75,18.01
8c9fddd9f0bb4863b19fea670c591c83,1,a1b3307db951474396c770062878dc0c,b68e4bcf965a440a9f6a3c0553e2f83b,2018-08-27 00:00:00,58.09,29.77
ec7b7d67714c498da712493d1c29f39d,1,63b4d386fae047f59c6f57a1a9720ae9,0667fc6ce3cd4a989c6a722b6ec5dee5,2018-08-30 00:00:00,100.31,13.06
de779cc685f145e0af95d96416df2abc,1,a558da950e914f9fb3af8dcb921e52a5,bb65876a475d492c892c71bc7cc6668e,2018-09-02 00:00:00,81.21,11.0
a9c95cb1031d4cf497ad73f322087cc6,1,39ea6218d629421e9e78ed6a615b323c,b4d89cd5aacc43759d23b64711afceab,2018-09-05 00:00:00,123.41,25.02
3012a49bf04b45dbb5e0a9b3f91f7ee5,1,1be66358355d41a5b298a120b593eb5b,790480dd7af142288f528edefd33d42b,2018-09-08 00:00:00,61.79,28.48
4689d9141b1144ceb9367c5734bc13f2,1,038cdabc2a684dfdab3761cdc83da2ea,9568909ab3064930b682107f218a3181,2018-09-11 00:00:00,30.35,29.87
37d87414dc15468eb7185a46b8fe40fc,1,20dbc55cd61047d288f433d76bfd6ac7,a85f188ff4c54077991b09f74efd46dd,2018-09-14 00:00:00,39.31,19.17
2801e8cd70534ae1be332f5fa6c36307,1,cba7fda20f16444dbea1366d56b52a16,36d6fb6984aa4899b8422c26bbd0564d,2018-09-17 00:00:00,124.84,17.86
2dffe8df06814400b9f7e571f13a5a6c,1,3913d9a233124fb0866ee53860b790af,3388b50d9a8a4581beb2a4705b3cdcbe,2018-09-20 00:00:00,77.87,24.52
e0b90e18b5ff4ee2a23809c138919943,1,6982d1d7b7bb43fcb13e2ade5069dff2,3cdfa65693874413810517296243b07c,2018-09-23 00:00:00,119.95,19.46
023f4aeface44ca297c97a8d2ddd84b3,1,5814a290fa1143e3b80d8c7b65d44fc9,2985691db0d2425b9cc353efe14e5be5,2018-09-26 00:00:00,81.41,13.54
f60ea24d5a1842838894dc6841b7dbfc,1,9d47e05b371540bf81bced8826372b41,486f158e1c204d25917019c1235f1a45,2018-09-29 00:00:00,36.04,18.99
85d014fbe8c0485f9fb90594651e74c4,1,86a1ec3461e543f6b97ddec61bb3e052,63b505823d614e52abdb7f64624e534f,2018-10-02 00:00:00,142.44,29.84
acab0cb6a3b7472695e7e685987637bc,1,e91af45c006f4939ac6a1942f3fa5f24,46bc2075a7974b5682b63be212009057,2018-10-05 00:00:00,75.37,28.95
6590ab09923345ba8a181d053707e9d8,1,03656cfdd8bb40d2a7378012ff555364,604159da55bb44c2b87efff8146b597c,2018-10-08 00:00:00,140.78,18.06
769543fd65104f0e942b699dab68346e,1,c21621ec359a421cbc26c7b8731d3087,00af05cc25c248718be7be34e73b98f0,2018-10-11 00:00:00,106.34,28.14
640fcd7077e84614919340063020da5a,1,e092675c30674e429a2213552735f7da,0999cef0edfc48bfad8c596f664d3e1a,2018-10-14 00:00:00,127.06,16.85
1ab6bf5526af443a81c1259344e19465,1,78160c00a75c4cd8816547d58efc644b,b9562a7f65c149fbbb4eee24d753b915,2018-10-17 00:00:00,48.87,11.83
21a547900ab64b6e9cf581534e7593c3,1,c748383061d54c8fbbb2fd04fb285dad,48abb6dcc50745dcafcb4499cbab30ef,2018-10-20 00:00:00,128.33,23.26
f1e23de0f2334478a54c5d361aa19dcf,1,0fd1058066074fce985ac4d84f48a0bd,f0eeefe6c3804ee9a0eaf81b78f1f653,2018-10-23 00:00:00,59.67,25.56
edd0bcf5430a407287b37a4168dfbae5,1,567312e5ebfd4770a0637d917dbf0fe7,506b1df6aea54eb5840df74dc1e7677c,2018-10-26 00:00:00,67.0,23.36
956ea8fc4a594480a568f5956663f5cc,1,37edc84cddfe428e93a9241026d9d559,cf2b2664a6974d50afa23a49924f327b,2018-10-29 00:00:00,50.8,15.67
ac083c04919a4043b9bb3c5b4fb309d3,1,d4d46ce05dd648e68e563f7f242b2b1f,03395ebcb2314e7691c16adb0b0b97da,2018-11-01 00:00:00,166.55,14.05
b7ad77bbb49c4d41aae37b0018828187,1,c05beea9792a4a58b1b28f29de554aaa,c93e31b0f5634cb58343944c6fbf08a4,2018-11-04 00:00:00,172.94,22.2
909b5405401447f2a0dc4f2cae691874,1,284487f70f7a4bfbbc1deeb8be2456f8,4a78d61c7fac4875ba3d7859d6669349,2018-11-07 00:00:00,123.82,16.41
ba54ee72143940c59e1649b95c432bd9,1,3b7fab411e614d4c98534e20e9dc2644,464386f306ca4dc1aa0b8362882d35a4,2018-11-10 00:00:00,132.81,10.46
b33a316baf6047fba1edda86db43c67e,1,c176f97189c94b4686e084aa17e57a79,5b58473143c340e1bfe0defe23906602,2018-11-13 00:00:00,161.27,22.2
f6f246eeeb5d46ada938e294263cf15c,1,8f7ed52a555143bfb2d73f440d4c4ab6,d7c15fcd597b4863a252240ab7e0ffa8,2018-11-16 00:00:00,158.1,16.44
434e2e3d37bc480daf05ad811e923329,1,8926099816d342179e30390d091bc20b,160a29868ea2484592ab52184b80c7db,2018-11-19 00:00:00,103.47,22.64
12e24c6eb61e4f068cde6b140a32eedd,1,cb7ae5c12469489da82e70132c05781e,b75e4142eef84147ae94d150f9650fc3,2018-11-22 00:00:00,166.9,28.48
aebd7a4f038d49e39cc915c4097c166e,1,a3946afed0754c22836dc787de8607d2,bc75c7d896c44cf382f306ce59bbd14d,2018-11-25 00:00:00,176.73,24.9
ab0ac7668fa4471893425430c95925d4,1,b90e34d78a0f489b818d8f47cc068148,e3b704e204dc45fa9a5c18ebc748463f,2018-11-28 00:00:00,102.09,19.13
80d3d2d8133c400e9ff285b14deef87f,1,0eec688bcaf54a41a5073c5a2278bd2c,9e8aa16e0eda47f9bc15a38dc1740ce1,2018-12-01 00:00:00,126.72,15.79
2f17763cf39546b1a49d709ef8adcd7f,1,bf6c6b565f5f4beebd1c6a180200afa4,7d73c441e8ea428db1365ca7cd57192a,2018-12-04 00:00:00,91.5,14.38
9a26fbec178649ce809d06a6a9d5c46c,1,66cfb52cd84d44c892470aa2557229f2,9073478111fe49bd85441ee6c80e7cb2,2018-12-07 00:00:00,159.09,13.35
a2cda57e9094428881e2f25dde54a631,1,c3f0b0f6f1404d71aee94acfbf358137,82d2afc6e398452cad615cd601222667,2018-12-10 00:00:00,149.63,26.78
eaf26483611643c59d6fb3ec88c4d43c,1,86335cbc0b5740f49bbd774ba38b062c,48396541049140f6afa3edb8a0381c7f,2018-12-13 00:00:00,146.15,12.31
e2e638cc5dca43eda6a5611ee84d159b,1,dcaeb5a5949b4ec180a1208cce1e7827,065969a58d8241e689851e10befa5e0e,2018-12-16 00:00:00,58.89,13.08
f02829a39845443aa616068c554b9464,1,c1973d98edcd449b9b756acb98a1a4d8,b64fbd8c928544faa2da2e33b055600a,2018-12-19 00:00:00,122.95,28.66
2f8676a658374c73a31a7bd277aa9a3e,1,3e107608a99c4447975dea6bd54b4de1,498450651d784fa1945eec2d1694a0ee,2018-12-22 00:00:00,50.7,25.81
744ff5d04b17418b9896bf916b93264f,1,ec37c7c6f9cc45c9921cb67a175b4d1b,8276baac1b574aa0ab7f1efb97411d7b,2018-12-25 00:00:00,162.73,23.27
1ea4f9ce75f641a38f581dc6abca6b49,1,acc45f86c3d341dda14f955fb69b56f1,e704e748e9794940afc26db74199e339,2018-12-28 00:00:00,56.45,18.47
415a190e20a74638a9604f623ff9415a,1,e929b3029469477e9cd8316cdf5d4271,4ceb51a0de64462e88e56267a75dce2a,2018-12-31 00:00:00,105.11,23.72
65706064ad5a448eb1096be7cf105248,1,3202a9dba58e489593e15140198b5c00,2d5b553db4e043579f4bf26aff4a968e,2019-01-03 00:00:00,179.91,20.33
ccd3d19398224e91865ae269b28c5b70,1,6dae9b32dea343019b7983c602eddf49,16f3a76903434e94bed5de895e4b8fdc,2019-01-06 00:00:00,139.18,29.53
6fcb97ee4b6a49869b813a1112c6dc8c,1,43b5b151449049b68daa7559522a47b5,ed567994c0b243c5ac04c6ee4a7c41b5,2019-01-09 00:00:00,93.72,11.03
d0d47d70ca7f49259dafb735679bc29d,1,8727e76c9ecc4bac9762a6d7b5afcb77,f21ab647886948ca8fbc305540a97e9f,2019-01-12 00:00:00,83.0,25.75
21f50f42aa42474186470a976a0db117,1,05f49c12929540729b5d08765447819f,f0327037412444abb1f444594461b5c4,2019-01-15 00:00:00,92.5,16.43
ae742da226bf4d79bc84d4523fb6a2a0,1,58df0daf8ff14dbf9530f821f7267c6f,f1c2c00385054a6e93d252de4661ffa4,2019-01-18 00:00:00,150.21,19.83
abb685abbb22462b8578d59ea1a46d57,1,7d854adffff142829b882c007aca42ab,2ed51d8e52a048618a894a58f8d31cde,2019-01-21 00:00:00,161.86,11.92
1bf1c9cc212344f8a45a443705fa9cdf,1,d7d8e2bef4af44c2b74f4105088b4437,5a01f2b19c5546ce8d5d5c0f7baf8586,2019-01-24 00:00:00,110.08,11.35
8cc5a7ced60d44c89eec07725e87e4ad,1,c7e2fb07d2084e4d9a7ebc841cec32f9,5c588679260444b88cddfd5491f18bcd,2019-01-27 00:00:00,95.45,25.49
4eab040d51194007b39ae77117bc49dc,1,e50be6cb08b249ffb2cc50a88e0664b0,c1bc3329ba6e464e9b14082a0b624122,2019-01-30 00:00:00,127.84,26.46
0cd70cd4d08c4731b77fbde605163f30,1,cb1943a1bc5f428d936351aa4c677326,68487a02c70a49e880a3cfff6be4a5a3,2019-02-02 00:00:00,159.12,26.46
86feeb91da2540309ad35f74daa68037,1,48bcd2b3be1b490a826f3b47ec395faa,cd9320c2791948a6816290eceb6d4cd0,2019-02-05 00:00:00,152.88,11.86
6dfa7c490fa34f9d9d8d0ee1791de8f2,1,ff10856b6ad843b49cf95de41e5eae6e,e9ad5eb13dc849a792b3adf05de361c6,2019-02-08 00:00:00,68.62,25.05
aee287565a6d4458b66e52d5422b6e25,1,06d3c8300bcc4306a3db6bc47518131e,d70ac38a53904e65bbab5a93cd39ed8b,2019-02-11 00:00:00,142.54,19.29
3526b6dfc64a4dba8f0bd9f27472e130,1,e16f558e58834381bb322d6e601f327f,89103e0697b74004a00288463f62753a,2019-02-14 00:00:00,61.26,25.03
4e6ec903808149a69b43ab582cbe4bf3,1,5b838c6c54494e469b071d32c1de1497,b01546e68a3f426abda060e3102d56ee,2019-02-17 00:00:00,42.9,13.53
a5bab20e1fd8439c9b1c71588859c0fd,1,8bca542190714f22bf29bd6169688ce0,be9210b972684d169b377f3c877640fe,2019-02-20 00:00:00,89.78,29.81
4d642df73a5b434384eb23a913a01ba5,1,acc9c278cb584232a53cadd260829839,85fdd3c969484ceeb3c73a962a1dc29e,2019-02-23 00:00:00,128.03,18.97
c099eec9d9604784bc42cf0e2281048c,1,cfda65205eb54c21ad522bb9b27a76c7,8b8d6ee7173742beacb4c9a3abf76acb,2019-02-26 00:00:00,176.34,27.46
3157c6a66b55417d9b3180c765da9f1d,1,6ca9bd394a634944bad361e51c4b2cac,20f1d9acecbd456e88d97be08a11ec28,2019-03-01 00:00:00,63.12,23.12
3797ed0bc8034673bb23dea192e8079c,1,627f54ac166347e3809775478810f899,c5bf49af1c8c4f7aad9a7b63b3195702,2019-03-04 00:00:00,114.96,21.02
7ca194b5b8f34964b10b804308bbf229,1,9d7907cfb2384f95a5637185ea4f65a5,990e524bb6ab42dcaf0a1f536c4a889a,2019-03-07 00:00:00,136.58,10.53
5adb1d8863364bd9986efb7afcee0e62,1,1b5f66618f3d4ff0b8bee788ae16b07c,fefc9fd283a44ad0bebd686e6194c673,2019-03-10 00:00:00,102.93,15.2
2b65a88c4331445595a605e9264946a7,1,cb926a1e55b3487e96bb3946cb73349c,464982cd9c5e4093b7d9d78f065a4d21,2019-03-13 00:00:00,143.69,26.53
f3b36c28b3eb43be8b92291c3826ee00,1,f386efea8f8b4d30a017e59177bf5912,6c6436bcbbee4f9b96794be09b555e71,2019-03-16 00:00:00,70.6,20.44
a01086e9fbc34e36aa62547588fa08f8,1,5c2f1eba3b664f01aa75e76be8c4e697,e9db23e2534646c2bfc77cd4f6ab0c6f,2019-03-19 00:00:00,114.61,23.53
52d0868c66824d94b997197038a35dc7,1,d036cb446b594474825ce0e54950894c,90360486e4464f57ae7397c1c8be7938,2019-03-22 00:00:00,61.84,27.89
f0b81f0b24e64192aa647d889d9f8cd6,1,ac26aaf7ce934556bcc0774664c86576,d4406c82290445e593cbca8874dbd5bf,2019-03-25 00:00:00,55.79,27.81
144ec5f1c46e43368cb92c55af9145e8,1,65d5984e9d7444c4a0d531de963d27be,4720d419848746dcb86b0615ac07eeb4,2019-03-28 00:00:00,170.33,11.19
fbf63fc4a8ca486dba3c5a9bdbabd623,1,8554e6c532e94b54aa4327ff61769b36,bedce5e582814bccae6151a7dc8b589f,2019-03-31 00:00:00,117.87,13.91
9f2e777941be4a88887dfba62b5295c4,1,b0c3a69a2b9f41799e5aeeef3bff0c8a,062a096fcd1a408e8320f15ef8ce5ea3,2019-04-03 00:00:00,44.87,14.14
093ff97135b84825acef48e4519d6dd2,1,b29f44eb3a1f4ed78a383f9d39b2dc2c,66b63859e4fc45129a360df7da8c1424,2019-04-06 00:00:00,56.42,12.69
114b924069294939836ef447b29df125,1,7fda1f6a4a7a448ca6d8889fa9635b2c,8959c932f25e459ab9aea92f87a28ff4,2019-04-09 00:00:00,84.11,11.11
61134836122b4ba09c23e776fa028127,1,b3b407ccaea74a88995a1e39a8eca168,3e5e8aec5a6949a8b879f8ac07df7b08,2019-04-12 00:00:00,69.72,22.21
90304360905f46bea9168b112bfe978d,1,9fbd9d73ceb44774a908e89036b0522b,a92332719f4947d3a92fcc9401039171,2019-04-15 00:00:00,169.45,12.0
8a316138522e42de954b11414c6da237,1,659497d993964fcb808aac2489c1f228,ce50907654724b52965cb5a81c1f35e2,2019-04-18 00:00:00,47.3,22.39
119183dec6b34043aac07c4b4ef98a36,1,370fceacb8914ab5a457822adf9075b2,d5a97d75b3a44684a365ce6aa02f0629,2019-04-21 00:00:00,143.14,26.4
bfd22f0e5f484a43a2bf7ad3f67dbe08,1,4f8299e98368466993718d9d05a51688,78f24d2e34b84f8681a95ef4b2cb95b4,2019-04-24 00:00:00,179.5,10.88
7dc7dee275b542e39148589c58c7f571,1,6466e04762b74e3d9060825fa53a44bf,e6626135ae944d0e9fb45a0accf96235,2019-04-27 00:00:00,172.3,21.54
28da8cefa42b4b7298e92f1b15d32f73,1,72691c09c7334722a3064ed7acc4c924,4c1b51714f644d7fa3bc10e411571c9f,2019-04-30 00:00:00,55.55,29.57
c2bdcc72dd954673891804afecd02e1c,1,fa43f80f5f684dc69f4224891165fdad,e75d5ef2ef174dd38a1dbc34b95072f1,2019-05-03 00:00:00,175.63,17.61
3b1b27c83f7348db8d39449f923473db,1,8e6f5091627148d992471e92b2224585,c89cbe053c04477f9d6af2cd2df6e2c4,2019-05-06 00:00:00,117.71,12.56
d556ee3283534b219eb943e08c539130,1,5898fbd2eac6414894da13408dc98ae5,15a5c1c54d9b43d190c755bf32f77738,2019-05-09 00:00:00,45.49,27.32
ce70ce0018564debae6562623f5e523f,1,91fe1b901377459dbc67344d9a585a5f,ab37d64fc0ce4997a0d350e4ff9d40ce,2019-05-12 00:00:00,83.8,18.17
e7083e8e87e04cc8ad504314ff97b6db,1,7bb09a28190045bca63e6704f4ca9a72,6390391d89464c0b855e473c87b01676,2019-05-15 00:00:00,169.02,28.66
5d89706a30804a7fb2e8edaf7d8cd2b2,1,2a5cb80c17c34f9a80fff51f21979e89,e66f2670391e4c6abd7d73bf6c0409b6,2019-05-18 00:00:00,79.39,19.02
31adacb1c78a4165bbe46f3b6ca4e0e3,1,8ca403f32ff04112a6ed7a51c4324db1,4f52c7c998a04f308c968ab881b6ac12,2019-05-21 00:00:00,128.81,21.09
