order_id,customer_id,order_status,order_purchase_timestamp,order_approved_at,order_delivered_carrier_date,order_delivered_customer_date,order_estimated_delivery_date
d290d87bb38344489be23cdff08d0b40,27c83e6fcc1247d1934da6e806d346d3,delivered,2017-10-01 00:00:00,2017-10-01 00:00:00,2017-10-03 00:00:00,2017-10-06 00:00:00,2017-10-11 00:00:00
6863ebd16ddf4ee39c9fcca544c4f22e,27c83e6fcc1247d1934da6e806d346d3,delivered,2017-10-31 00:00:00,2017-10-31 00:00:00,2017-11-02 00:00:00,2017-11-05 00:00:00,2017-11-10 00:00:00
291ddb7c0c514d529dc10564bdd48ca2,6289da9d38ed4192ae611fbab011d8ae,delivered,2017-10-04 00:00:00,2017-10-04 00:00:00,2017-10-06 00:00:00,2017-10-09 00:00:00,2017-10-14 00:00:00
87522661f084446e9c692e0129509b80,6289da9d38ed4192ae611fbab011d8ae,delivered,2017-11-03 00:00:00,2017-11-03 00:00:00,2017-11-05 00:00:00,2017-11-08 00:00:00,2017-11-13 00:00:00
608dbcc3ab624c64be2dd745dca5f9c7,6289da9d38ed4192ae611fbab011d8ae,delivered,2017-12-03 00:00:00,2017-12-03 00:00:00,2017-12-05 00:00:00,2017-12-08 00:00:00,2017-12-13 00:00:00
c021eb5284a84d33ade6df93a54823d1,6289da9d38ed4192ae611fbab011d8ae,delivered,2018-01-02 00:00:00,2018-01-02 00:00:00,2018-01-04 00:00:00,2018-01-07 00:00:00,2018-01-12 00:00:00
07ca7ac574eb4735887627ca1f63b1bc,bd74133c20bb46f5bda7382724bea0b6,delivered,2017-10-07 00:00:00,2017-10-07 00:00:00,2017-10-09 00:00:00,2017-10-12 00:00:00,2017-10-17 00:00:00
5bda65539faa467cbce135f92e3c1a27,bd74133c20bb46f5bda7382724bea0b6,delivered,2017-11-06 00:00:00,2017-11-06 00:00:00,2017-11-08 00:00:00,2017-11-11 00:00:00,2017-11-16 00:00:00
6a53cccc3db3404fadf311a43c19dd1a,f7d534a7d2e74f6d9866c141ef802d23,delivered,2017-10-10 00:00:00,2017-10-10 00:00:00,2017-10-12 00:00:00,2017-10-15 00:00:00,2017-10-20 00:00:00
56a88153f1964534a4363474fe2ec5fb,f7d534a7d2e74f6d9866c141ef802d23,delivered,2017-11-09 00:00:00,2017-11-09 00:00:00,2017-11-11 00:00:00,2017-11-14 00:00:00,2017-11-19 00:00:00
3e8b1bfda60c4851b2031f2ff57ed81d,f7d534a7d2e74f6d9866c141ef802d23,delivered,2017-12-09 00:00:00,2017-12-09 00:00:00,2017-12-11 00:00:00,2017-12-14 00:00:00,2017-12-19 00:00:00
e614b46c78a3490e8bf15f734e193bcd,f7d534a7d2e74f6d9866c141ef802d23,delivered,2018-01-08 00:00:00,2018-01-08 00:00:00,2018-01-10 00:00:00,2018-01-13 00:00:00,2018-01-18 00:00:00
e896c752bb1c47dab7aa28a1f292edd3,8cfcc03b63c34a8b8c93ae4b53a4e876,delivered,2017-10-13 00:00:00,2017-10-13 00:00:00,2017-10-15 00:00:00,2017-10-18 00:00:00,2017-10-23 00:00:00
27d313e9d87746348fc04852c4270b9e,8cfcc03b63c34a8b8c93ae4b53a4e876,delivered,2017-11-12 00:00:00,2017-11-12 00:00:00,2017-11-14 00:00:00,2017-11-17 00:00:00,2017-11-22 00:00:00
736c8652b6304aa5acd3a04ecd69d665,8cfcc03b63c34a8b8c93ae4b53a4e876,delivered,2017-12-12 00:00:00,2017-12-12 00:00:00,2017-12-14 00:00:00,2017-12-17 00:00:00,2017-12-22 00:00:00
94f44d95f41b41928391abe6ced32d93,8cfcc03b63c34a8b8c93ae4b53a4e876,delivered,2018-01-11 00:00:00,2018-01-11 00:00:00,2018-01-13 00:00:00,2018-01-16 00:00:00,2018-01-21 00:00:00
d3df5d4138e64bb882bce4fb70b77bdb,bf4a1c34ae824915bccb2a2a7be19b4a,delivered,2017-10-16 00:00:00,2017-10-16 00:00:00,2017-10-18 00:00:00,2017-10-21 00:00:00,2017-10-26 00:00:00
b01f4b07fe3b415e80bad80ec0af12f2,bf4a1c34ae824915bccb2a2a7be19b4a,delivered,2017-11-15 00:00:00,2017-11-15 00:00:00,2017-11-17 00:00:00,2017-11-20 00:00:00,2017-11-25 00:00:00
34fb7b3ede3b4860924c0beb7776b857,8152ee448de1465a9f5cba76c8979094,delivered,2017-10-19 00:00:00,2017-10-19 00:00:00,2017-10-21 00:00:00,2017-10-24 00:00:00,2017-10-29 00:00:00
409b79af20a3421eb6df11a8f9bff81c,8152ee448de1465a9f5cba76c8979094,delivered,2017-11-18 00:00:00,2017-11-18 00:00:00,2017-11-20 00:00:00,2017-11-23 00:00:00,2017-11-28 00:00:00
3b9390b540fc4206a2a0b697409753dc,70acfbd544024a5ea6b729610f9ffe93,delivered,2017-10-22 00:00:00,2017-10-22 00:00:00,2017-10-24 00:00:00,2017-10-27 00:00:00,2017-11-01 00:00:00
72962559db264a6ea7f6cb7b2c2683b8,70acfbd544024a5ea6b729610f9ffe93,delivered,2017-11-21 00:00:00,2017-11-21 00:00:00,2017-11-23 00:00:00,2017-11-26 00:00:00,2017-12-01 00:00:00
f29c14b1e5a047a6a651c65d6692e629,3c0405ab34da4cb287423253b407ed79,delivered,2017-10-25 00:00:00,2017-10-25 00:00:00,2017-10-27 00:00:00,2017-10-30 00:00:00,2017-11-04 00:00:00
59853625f829469f863032fa4e226b90,3c0405ab34da4cb287423253b407ed79,delivered,2017-11-24 00:00:00,2017-11-24 00:00:00,2017-11-26 00:00:00,2017-11-29 00:00:00,2017-12-04 00:00:00
99fddedae60b4a7aa4bf6f011cdde570,3c0405ab34da4cb287423253b407ed79,delivered,2017-12-24 00:00:00,2017-12-24 00:00:00,2017-12-26 00:00:00,2017-12-29 00:00:00,2018-01-03 00:00:00
77c52da4fad9471192a9150dc2c0eee2,82c34905842f483aa0d02d9d90252eca,delivered,2017-10-28 00:00:00,2017-10-28 00:00:00,2017-10-30 00:00:00,2017-11-02 00:00:00,2017-11-07 00:00:00
3f9c868113e14659b2cb59f588539064,82c34905842f483aa0d02d9d90252eca,delivered,2017-11-27 00:00:00,2017-11-27 00:00:00,2017-11-29 00:00:00,2017-12-02 00:00:00,2017-12-07 00:00:00
3871a970762c4a2299d6c6ffad2c74d7,82c34905842f483aa0d02d9d90252eca,delivered,2017-12-27 00:00:00,2017-12-27 00:00:00,2017-12-29 00:00:00,2018-01-01 00:00:00,2018-01-06 00:00:00
8e15f2d3d1ac4f4b8e194919a14f514c,94dfe5ddfa0b416ab740a0bbc2c2b70b,delivered,2017-10-31 00:00:00,2017-10-31 00:00:00,2017-11-02 00:00:00,2017-11-05 00:00:00,2017-11-10 00:00:00
cc8f56f3be7341dcb712af9f4b91b3fe,94dfe5ddfa0b416ab740a0bbc2c2b70b,delivered,2017-11-30 00:00:00,2017-11-30 00:00:00,2017-12-02 00:00:00,2017-12-05 00:00:00,2017-12-10 00:00:00
d2e7ecf6881146279850af9eea7276a5,94dfe5ddfa0b416ab740a0bbc2c2b70b,delivered,2017-12-30 00:00:00,2017-12-30 00:00:00,2018-01-01 00:00:00,2018-01-04 00:00:00,2018-01-09 00:00:00
c340a8dad3904556a62fa294563803c3,94dfe5ddfa0b416ab740a0bbc2c2b70b,delivered,2018-01-29 00:00:00,2018-01-29 00:00:00,2018-01-31 00:00:00,2018-02-03 00:00:00,2018-02-08 00:00:00
b4875e000f284f2f8d858f3f68a5bb95,3f5a22a50a784cf48ae5be1b75f3290f,delivered,2017-11-03 00:00:00,2017-11-03 00:00:00,2017-11-05 00:00:00,2017-11-08 00:00:00,2017-11-13 00:00:00
5d9eae58f18a41adb7d97a82705ceb0e,3f5a22a50a784cf48ae5be1b75f3290f,delivered,2017-12-03 00:00:00,2017-12-03 00:00:00,2017-12-05 00:00:00,2017-12-08 00:00:00,2017-12-13 00:00:00
1e789c743d0d4065aa29f385774a1e0a,3f5a22a50a784cf48ae5be1b75f3290f,delivered,2018-01-02 00:00:00,2018-01-02 00:00:00,2018-01-04 00:00:00,2018-01-07 00:00:00,2018-01-12 00:00:00
3660b26aa9454d7b9e4dab9774142932,3f5a22a50a784cf48ae5be1b75f3290f,delivered,2018-02-01 00:00:00,2018-02-01 00:00:00,2018-02-03 00:00:00,2018-02-06 00:00:00,2018-02-11 00:00:00
dc60dd7f58bf48e2a11dfe642ed4447a,4e17666855274d83a5af068a128ad2ac,delivered,2017-11-06 00:00:00,2017-11-06 00:00:00,2017-11-08 00:00:00,2017-11-11 00:00:00,2017-11-16 00:00:00
5e7445ad79ab4e36bc58d57230acc099,4e17666855274d83a5af068a128ad2ac,delivered,2017-12-06 00:00:00,2017-12-06 00:00:00,2017-12-08 00:00:00,2017-12-11 00:00:00,2017-12-16 00:00:00
ac8cfe9589584408b7af6b1f60df8f7f,4e17666855274d83a5af068a128ad2ac,delivered,2018-01-05 00:00:00,2018-01-05 00:00:00,2018-01-07 00:00:00,2018-01-10 00:00:00,2018-01-15 00:00:00
8acb5dfc75c74667855504c74dbbc3e0,4e17666855274d83a5af068a128ad2ac,delivered,2018-02-04 00:00:00,2018-02-04 00:00:00,2018-02-06 00:00:00,2018-02-09 00:00:00,2018-02-14 00:00:00
c92c0660225b4aad87a55aa89fc3e293,6d40746644374d4f80a26d9c60e42269,delivered,2017-11-09 00:00:00,2017-11-09 00:00:00,2017-11-11 00:00:00,2017-11-14 00:00:00,2017-11-19 00:00:00
f10b2d0c2bda427e9bc92cfd75fc6848,6d40746644374d4f80a26d9c60e42269,delivered,2017-12-09 00:00:00,2017-12-09 00:00:00,2017-12-11 00:00:00,2017-12-14 00:00:00,2017-12-19 00:00:00
ef20f1ffd5be4cdd9b6e74ed70f91da4,932dfd91ce604a49bec30e9fd1ba152c,delivered,2017-11-12 00:00:00,2017-11-12 00:00:00,2017-11-14 00:00:00,2017-11-17 00:00:00,2017-11-22 00:00:00
87a5f3e1327645e3ba7efac1ba407a6f,932dfd91ce604a49bec30e9fd1ba152c,delivered,2017-12-12 00:00:00,2017-12-12 00:00:00,2017-12-14 00:00:00,2017-12-17 00:00:00,2017-12-22 00:00:00
280b4f7937aa45738cf6c9ffe94fc9d1,020c1e80636f480d972665ad3ffe9fe2,delivered,2017-11-15 00:00:00,2017-11-15 00:00:00,2017-11-17 00:00:00,2017-11-20 00:00:00,2017-11-25 00:00:00
eb7fc4df98714709987dd264da0f094e,020c1e80636f480d972665ad3ffe9fe2,delivered,2017-12-15 00:00:00,2017-12-15 00:00:00,2017-12-17 00:00:00,2017-12-20 00:00:00,2017-12-25 00:00:00
cd3a02240fb74f59805ee38dbb13dd7c,020c1e80636f480d972665ad3ffe9fe2,delivered,2018-01-14 00:00:00,2018-01-14 00:00:00,2018-01-16 00:00:00,2018-01-19 00:00:00,2018-01-24 00:00:00
54a1bfcf27f74c48b3ff6e41788d6e8d,020c1e80636f480d972665ad3ffe9fe2,delivered,2018-02-13 00:00:00,2018-02-13 00:00:00,2018-02-15 00:00:00,2018-02-18 00:00:00,2018-02-23 00:00:00
db730fcc8cae4e3eb028cc6d8870a183,38ed03cbf3a7482ab0b6b9cd9c40beaf,delivered,2017-11-18 00:00:00,2017-11-18 00:00:00,2017-11-20 00:00:00,2017-11-23 00:00:00,2017-11-28 00:00:00
b5158e2e23bb4e67975ed88a54367a1e,38ed03cbf3a7482ab0b6b9cd9c40beaf,delivered,2017-12-18 00:00:00,2017-12-18 00:00:00,2017-12-20 00:00:00,2017-12-23 00:00:00,2017-12-28 00:00:00
e26b90bdfbf947078fac0ef29bd40c6b,7af3855cdc214d55a582acb72fb275fe,delivered,2017-11-21 00:00:00,2017-11-21 00:00:00,2017-11-23 00:00:00,2017-11-26 00:00:00,2017-12-01 00:00:00
8603abe2f855459aaf1584c43a08df61,7af3855cdc214d55a582acb72fb275fe,delivered,2017-12-21 00:00:00,2017-12-21 00:00:00,2017-12-23 00:00:00,2017-12-26 00:00:00,2017-12-31 00:00:00
53dd941232c64f268a9bcc71668a9bd1,3e3123761d364a6896166c6fb53ae178,delivered,2017-11-24 00:00:00,2017-11-24 00:00:00,2017-11-26 00:00:00,2017-11-29 00:00:00,2017-12-04 00:00:00
13bbf1cfa87247fe98b6cc5871f9ea3a,3e3123761d364a6896166c6fb53ae178,delivered,2017-12-24 00:00:00,2017-12-24 00:00:00,2017-12-26 00:00:00,2017-12-29 00:00:00,2018-01-03 00:00:00
70240d85851446b68c579fb592d8dd6b,3e3123761d364a6896166c6fb53ae178,delivered,2018-01-23 00:00:00,2018-01-23 00:00:00,2018-01-25 00:00:00,2018-01-28 00:00:00,2018-02-02 00:00:00
f91e6949370248f9a684bbec0cdbffee,3e3123761d364a6896166c6fb53ae178,delivered,2018-02-22 00:00:00,2018-02-22 00:00:00,2018-02-24 00:00:00,2018-02-27 00:00:00,2018-03-04 00:00:00
cd593182def24cf7999f8b398e195a05,d231101c1593440bad7d0edae98d4798,delivered,2017-11-27 00:00:00,2017-11-27 00:00:00,2017-11-29 00:00:00,2017-12-02 00:00:00,2017-12-07 00:00:00
cd76e821307d486e986c3fc253e48dfa,d231101c1593440bad7d0edae98d4798,delivered,2017-12-27 00:00:00,2017-12-27 00:00:00,2017-12-29 00:00:00,2018-01-01 00:00:00,2018-01-06 00:00:00
4dcafe06348b417db1c1490476daf3a4,3d6f3d4c0f804909acf4b933e9dfc89f,delivered,2017-11-30 00:00:00,2017-11-30 00:00:00,2017-12-02 00:00:00,2017-12-05 00:00:00,2017-12-10 00:00:00
609c2eb5139e4ba0b7c92845d9d198d2,3d6f3d4c0f804909acf4b933e9dfc89f,delivered,2017-12-30 00:00:00,2017-12-30 00:00:00,2018-01-01 00:00:00,2018-01-04 00:00:00,2018-01-09 00:00:00
e2ea3a743b35480fb4a22f60302f58df,3d6f3d4c0f804909acf4b933e9dfc89f,delivered,2018-01-29 00:00:00,2018-01-29 00:00:00,2018-01-31 00:00:00,2018-02-03 00:00:00,2018-02-08 00:00:00
691f1bd43c6c4a458626dd5a5f2f2e5d,3d6f3d4c0f804909acf4b933e9dfc89f,delivered,2018-02-28 00:00:00,2018-02-28 00:00:00,2018-03-02 00:00:00,2018-03-05 00:00:00,2018-03-10 00:00:00
fbad2c0979394fa7a1032326c060446f,a0c5bc2153af4a0997eb8f698854ba4e,delivered,2017-12-03 00:00:00,2017-12-03 00:00:00,2017-12-05 00:00:00,2017-12-08 00:00:00,2017-12-13 00:00:00
13d5d24a11284842af6f4c1e905f3960,a0c5bc2153af4a0997eb8f698854ba4e,delivered,2018-01-02 00:00:00,2018-01-02 00:00:00,2018-01-04 00:00:00,2018-01-07 00:00:00,2018-01-12 00:00:00
aa530bcb9cb546d08cc3ea44043309a8,a0c5bc2153af4a0997eb8f698854ba4e,delivered,2018-02-01 00:00:00,2018-02-01 00:00:00,2018-02-03 00:00:00,2018-02-06 00:00:00,2018-02-11 00:00:00
4d38671c704340e484083287723fd338,241ca615789b4d2d9ae31a914f882281,delivered,2017-12-06 00:00:00,2017-12-06 00:00:00,2017-12-08 00:00:00,2017-12-11 00:00:00,2017-12-16 00:00:00
dd012a611f534e95848310684cc9d05a,241ca615789b4d2d9ae31a914f882281,delivered,2018-01-05 00:00:00,2018-01-05 00:00:00,2018-01-07 00:00:00,2018-01-10 00:00:00,2018-01-15 00:00:00
74eff7f4acc842a99e6ee0947af3e5b5,48e02e60a54b4239ba4b92f45945b369,delivered,2017-12-09 00:00:00,2017-12-09 00:00:00,2017-12-11 00:00:00,2017-12-14 00:00:00,2017-12-19 00:00:00
a892c05d878e4cf8b58a5916f9bf3e35,48e02e60a54b4239ba4b92f45945b369,delivered,2018-01-08 00:00:00,2018-01-08 00:00:00,2018-01-10 00:00:00,2018-01-13 00:00:00,2018-01-18 00:00:00
65adbaa90cf249aaa523db4db1cf63aa,48e02e60a54b4239ba4b92f45945b369,delivered,2018-02-07 00:00:00,2018-02-07 00:00:00,2018-02-09 00:00:00,2018-02-12 00:00:00,2018-02-17 00:00:00
cf5ba6ab01934915873097a8a16426ae,48e02e60a54b4239ba4b92f45945b369,delivered,2018-03-09 00:00:00,2018-03-09 00:00:00,2018-03-11 00:00:00,2018-03-14 00:00:00,2018-03-19 00:00:00
462d410a6d7b4c0d9d99fcc9f5577119,6e15cb859814481c935df60bd11623c0,delivered,2017-12-12 00:00:00,2017-12-12 00:00:00,2017-12-14 00:00:00,2017-12-17 00:00:00,2017-12-22 00:00:00
40435540ca404a55a6a0bf4f1776dbbf,6e15cb859814481c935df60bd11623c0,delivered,2018-01-11 00:00:00,2018-01-11 00:00:00,2018-01-13 00:00:00,2018-01-16 00:00:00,2018-01-21 00:00:00
dadd699b94cf498fa5aa3767fafcc81e,3f010f8dd7b24adeb34d8aa7f62f9a8e,delivered,2017-12-15 00:00:00,2017-12-15 00:00:00,2017-12-17 00:00:00,2017-12-20 00:00:00,2017-12-25 00:00:00
021a001b7cca4bff9c0a37c099c36073,3f010f8dd7b24adeb34d8aa7f62f9a8e,delivered,2018-01-14 00:00:00,2018-01-14 00:00:00,2018-01-16 00:00:00,2018-01-19 00:00:00,2018-01-24 00:00:00
6ba93af1c24543a99f8ffb8602cbdd83,3f010f8dd7b24adeb34d8aa7f62f9a8e,delivered,2018-02-13 00:00:00,2018-02-13 00:00:00,2018-02-15 00:00:00,2018-02-18 00:00:00,2018-02-23 00:00:00
69fe757b519b4ac19b836abf59436d76,5822971c17c34d5f8a8ebf9f9799d0a7,delivered,2017-12-18 00:00:00,2017-12-18 00:00:00,2017-12-20 00:00:00,2017-12-23 00:00:00,2017-12-28 00:00:00
e4774238f5b84f7f85090d42d0124062,5822971c17c34d5f8a8ebf9f9799d0a7,delivered,2018-01-17 00:00:00,2018-01-17 00:00:00,2018-01-19 00:00:00,2018-01-22 00:00:00,2018-01-27 00:00:00
ab0fc7f2fec4488da50c69a450a8bd17,5822971c17c34d5f8a8ebf9f9799d0a7,delivered,2018-02-16 00:00:00,2018-02-16 00:00:00,2018-02-18 00:00:00,2018-02-21 00:00:00,2018-02-26 00:00:00
5c8937f67b2e4564a42a38bcece0bb1d,5822971c17c34d5f8a8ebf9f9799d0a7,delivered,2018-03-18 00:00:00,2018-03-18 00:00:00,2018-03-20 00:00:00,2018-03-23 00:00:00,2018-03-28 00:00:00
3306ae86cab845e98b7e3a655f4927bd,386af38453134c539ae7d1b7cce6e491,delivered,2017-12-21 00:00:00,2017-12-21 00:00:00,2017-12-23 00:00:00,2017-12-26 00:00:00,2017-12-31 00:00:00
4bc8d04b80b840e7b722cb33b58cb339,386af38453134c539ae7d1b7cce6e491,delivered,2018-01-20 00:00:00,2018-01-20 00:00:00,2018-01-22 00:00:00,2018-01-25 00:00:00,2018-01-30 00:00:00
e18fbd506b534f108fef3a56096e8f3a,080a8f896e7e4c13a1f218df042b86fe,delivered,2017-12-24 00:00:00,2017-12-24 00:00:00,2017-12-26 00:00:00,2017-12-29 00:00:00,2018-01-03 00:00:00
c920566a9cea4835aa029985d07194c4,080a8f896e7e4c13a1f218df042b86fe,delivered,2018-01-23 00:00:00,2018-01-23 00:00:00,2018-01-25 00:00:00,2018-01-28 00:00:00,2018-02-02 00:00:00
ff663132667444b488752515f5d4bfa8,080a8f896e7e4c13a1f218df042b86fe,delivered,2018-02-22 00:00:00,2018-02-22 00:00:00,2018-02-24 00:00:00,2018-02-27 00:00:00,2018-03-04 00:00:00
49939a6402924ce98c1ec4ddb6c0ba40,080a8f896e7e4c13a1f218df042b86fe,delivered,2018-03-24 00:00:00,2018-03-24 00:00:00,2018-03-26 00:00:00,2018-03-29 00:00:00,2018-04-03 00:00:00
9da21e25605c4fffbdebc56e9b76fe12,7dcfeba55aaa44f1af8a778cd048c462,delivered,2017-12-27 00:00:00,2017-12-27 00:00:00,2017-12-29 00:00:00,2018-01-01 00:00:00,2018-01-06 00:00:00
5d3cf735520a4f46b7862bad9b7fe863,7dcfeba55aaa44f1af8a778cd048c462,delivered,2018-01-26 00:00:00,2018-01-26 00:00:00,2018-01-28 00:00:00,2018-01-31 00:00:00,2018-02-05 00:00:00
858a40fe75d848709e3d93458f244919,0fedff3ab70f460f82cb9858f40314eb,delivered,2017-12-30 00:00:00,2017-12-30 00:00:00,2018-01-01 00:00:00,2018-01-04 00:00:00,2018-01-09 00:00:00
346a881e6bee4a1186cd5c0f32d99d05,0fedff3ab70f460f82cb9858f40314eb,delivered,2018-01-29 00:00:00,2018-01-29 00:00:00,2018-01-31 00:00:00,2018-02-03 00:00:00,2018-02-08 00:00:00
733fb981ebe241c3bad0b5441cbc4518,0fedff3ab70f460f82cb9858f40314eb,delivered,2018-02-28 00:00:00,2018-02-28 00:00:00,2018-03-02 00:00:00,2018-03-05 00:00:00,2018-03-10 00:00:00
ecd50057af924f68815dc903efdf15c0,98d0247c8b614ac492b80bed9f63c9c5,delivered,2018-01-02 00:00:00,2018-01-02 00:00:00,2018-01-04 00:00:00,2018-01-07 00:00:00,2018-01-12 00:00:00
9b54af7289d44173bed1b8db844cbc56,98d0247c8b614ac492b80bed9f63c9c5,delivered,2018-02-01 00:00:00,2018-02-01 00:00:00,2018-02-03 00:00:00,2018-02-06 00:00:00,2018-02-11 00:00:00
e1f0439e8c4743a8a1fa8c666bbc022a,98d0247c8b614ac492b80bed9f63c9c5,delivered,2018-03-03 00:00:00,2018-03-03 00:00:00,2018-03-05 00:00:00,2018-03-08 00:00:00,2018-03-13 00:00:00
4b7fb9c4f11b42f780a1c004204fe2c9,98d0247c8b614ac492b80bed9f63c9c5,delivered,2018-04-02 00:00:00,2018-04-02 00:00:00,2018-04-04 00:00:00,2018-04-07 00:00:00,2018-04-12 00:00:00
ed29008f36f746769b40c7599688b60b,7af57ddf50a84d20a33fa79f07778917,delivered,2018-01-05 00:00:00,2018-01-05 00:00:00,2018-01-07 00:00:00,2018-01-10 00:00:00,2018-01-15 00:00:00
208f3b18b7ad4d088d8fda9d47c0e5b1,7af57ddf50a84d20a33fa79f07778917,delivered,2018-02-04 00:00:00,2018-02-04 00:00:00,2018-02-06 00:00:00,2018-02-09 00:00:00,2018-02-14 00:00:00
cc3ac355edbd4803a34360b7122aff70,7af57ddf50a84d20a33fa79f07778917,delivered,2018-03-06 00:00:00,2018-03-06 00:00:00,2018-03-08 00:00:00,2018-03-11 00:00:00,2018-03-16 00:00:00
b1811f214679496ab59247995d4edcb7,623f2ab356e04224b8a802b7c064c6a9,delivered,2018-01-08 00:00:00,2018-01-08 00:00:00,2018-01-10 00:00:00,2018-01-13 00:00:00,2018-01-18 00:00:00
880ccda975df44aba2da183a39f851d4,623f2ab356e04224b8a802b7c064c6a9,delivered,2018-02-07 00:00:00,2018-02-07 00:00:00,2018-02-09 00:00:00,2018-02-12 00:00:00,2018-02-17 00:00:00
182af7a3781a4179aecfb3a453a5f257,623f2ab356e04224b8a802b7c064c6a9,delivered,2018-03-09 00:00:00,2018-03-09 00:00:00,2018-03-11 00:00:00,2018-03-14 00:00:00,2018-03-19 00:00:00
26bb2173653d4346bb607a832199a91b,e12e76128380418da519c28e5f455603,delivered,2018-01-11 00:00:00,2018-01-11 00:00:00,2018-01-13 00:00:00,2018-01-16 00:00:00,2018-01-21 00:00:00
995964274fcf4e15b8696b095e46029a,e12e76128380418da519c28e5f455603,delivered,2018-02-10 00:00:00,2018-02-10 00:00:00,2018-02-12 00:00:00,2018-02-15 00:00:00,2018-02-20 00:00:00
53a772e422f84c6b9d6334f7e49829c7,e12e76128380418da519c28e5f455603,delivered,2018-03-12 00:00:00,2018-03-12 00:00:00,2018-03-14 00:00:00,2018-03-17 00:00:00,2018-03-22 00:00:00
c5d4054530f54874b54b4542f51d6e4c,e12e76128380418da519c28e5f455603,delivered,2018-04-11 00:00:00,2018-04-11 00:00:00,2018-04-13 00:00:00,2018-04-16 00:00:00,2018-04-21 00:00:00
d0b97c8e5afc4ad493a3f298bb808ba2,1e2230d535f748e8bff82ffda2411a4f,delivered,2018-01-14 00:00:00,2018-01-14 00:00:00,2018-01-16 00:00:00,2018-01-19 00:00:00,2018-01-24 00:00:00
f5ae555cb43a4c909b980e2f7bbdac36,1e2230d535f748e8bff82ffda2411a4f,delivered,2018-02-13 00:00:00,2018-02-13 00:00:00,2018-02-15 00:00:00,2018-02-18 00:00:00,2018-02-23 00:00:00
8d64fc438c1b4e82a5718fbd26db9829,1e2230d535f748e8bff82ffda2411a4f,delivered,2018-03-15 00:00:00,2018-03-15 00:00:00,2018-03-17 00:00:00,2018-03-20 00:00:00,2018-03-25 00:00:00
5e616321ce1f49779d7254599d1a1bb8,72bfb73f811a4b7387b7af99c14bea6b,delivered,2018-01-17 00:00:00,2018-01-17 00:00:00,2018-01-19 00:00:00,2018-01-22 00:00:00,2018-01-27 00:00:00
f2139426513149f3a3c3b3b4af9780dc,72bfb73f811a4b7387b7af99c14bea6b,delivered,2018-02-16 00:00:00,2018-02-16 00:00:00,2018-02-18 00:00:00,2018-02-21 00:00:00,2018-02-26 00:00:00
2ee6b326db5a416a8e275a3e2daa7e0a,72bfb73f811a4b7387b7af99c14bea6b,delivered,2018-03-18 00:00:00,2018-03-18 00:00:00,2018-03-20 00:00:00,2018-03-23 00:00:00,2018-03-28 00:00:00
72b219737ebd47a3ade0ec1ca124ef51,72bfb73f811a4b7387b7af99c14bea6b,delivered,2018-04-17 00:00:00,2018-04-17 00:00:00,2018-04-19 00:00:00,2018-04-22 00:00:00,2018-04-27 00:00:00
bb85f57184d34754be25cdfddc90c37e,0b8d4a094ee944c1a1d0272818d6c2c1,delivered,2018-01-20 00:00:00,2018-01-20 00:00:00,2018-01-22 00:00:00,2018-01-25 00:00:00,2018-01-30 00:00:00
25927b7e26bb4f818667ddc8b206cd8d,0b8d4a094ee944c1a1d0272818d6c2c1,delivered,2018-02-19 00:00:00,2018-02-19 00:00:00,2018-02-21 00:00:00,2018-02-24 00:00:00,2018-03-01 00:00:00
d587369fb3c5407e8194b5045c1fffc8,0b8d4a094ee944c1a1d0272818d6c2c1,delivered,2018-03-21 00:00:00,2018-03-21 00:00:00,2018-03-23 00:00:00,2018-03-26 00:00:00,2018-03-31 00:00:00
a810cc8337df4cecb8bc7de805f79170,54819f9875074f44af847a0d34110878,delivered,2018-01-23 00:00:00,2018-01-23 00:00:00,2018-01-25 00:00:00,2018-01-28 00:00:00,2018-02-02 00:00:00
4c6aa164f5d84c1992f8c44d0d609d7e,54819f9875074f44af847a0d34110878,delivered,2018-02-22 00:00:00,2018-02-22 00:00:00,2018-02-24 00:00:00,2018-02-27 00:00:00,2018-03-04 00:00:00
63326736b8944587aea29b00aa4969c0,acd5226719174b70a3801540323306e0,delivered,2018-01-26 00:00:00,2018-01-26 00:00:00,2018-01-28 00:00:00,2018-01-31 00:00:00,2018-02-05 00:00:00
78c6fe9a751947dea58b03440dac0ebd,acd5226719174b70a3801540323306e0,delivered,2018-02-25 00:00:00,2018-02-25 00:00:00,2018-02-27 00:00:00,2018-03-02 00:00:00,2018-03-07 00:00:00
83242c928ffc4b6dbcca70ba90911cd9,acd5226719174b70a3801540323306e0,delivered,2018-03-27 00:00:00,2018-03-27 00:00:00,2018-03-29 00:00:00,2018-04-01 00:00:00,2018-04-06 00:00:00
ace53a523b41459ea428a91b52a85465,acd5226719174b70a3801540323306e0,delivered,2018-04-26 00:00:00,2018-04-26 00:00:00,2018-04-28 00:00:00,2018-05-01 00:00:00,2018-05-06 00:00:00
a1a035f56b754fcc90c32d7d8e2986c4,515ec6a565784a898407407bed8e4523,delivered,2018-01-29 00:00:00,2018-01-29 00:00:00,2018-01-31 00:00:00,2018-02-03 00:00:00,2018-02-08 00:00:00
bf321baa5bea4bdfb78669aae9beee0f,515ec6a565784a898407407bed8e4523,delivered,2018-02-28 00:00:00,2018-02-28 00:00:00,2018-03-02 00:00:00,2018-03-05 00:00:00,2018-03-10 00:00:00
fdbcb53a48444052ba0c8ac8b2205d93,a705a8cee60142dc8c1963ba170f7d4a,delivered,2018-02-01 00:00:00,2018-02-01 00:00:00,2018-02-03 00:00:00,2018-02-06 00:00:00,2018-02-11 00:00:00
c2f68144d2854e48ba5ca9115001b564,a705a8cee60142dc8c1963ba170f7d4a,delivered,2018-03-03 00:00:00,2018-03-03 00:00:00,2018-03-05 00:00:00,2018-03-08 00:00:00,2018-03-13 00:00:00
7ae19bb041c744a7b1078b2aa4799223,3f571668ddfc4078a3e29fabf2fd5b9b,delivered,2018-02-04 00:00:00,2018-02-04 00:00:00,2018-02-06 00:00:00,2018-02-09 00:00:00,2018-02-14 00:00:00
8ca067d6e863406295b4dfc376617004,3f571668ddfc4078a3e29fabf2fd5b9b,delivered,2018-03-06 00:00:00,2018-03-06 00:00:00,2018-03-08 00:00:00,2018-03-11 00:00:00,2018-03-16 00:00:00
141d100821484baa82749684f0cba1cf,3f571668ddfc4078a3e29fabf2fd5b9b,delivered,2018-04-05 00:00:00,2018-04-05 00:00:00,2018-04-07 00:00:00,2018-04-10 00:00:00,2018-04-15 00:00:00
f748b38ac8054d71b2732220f4b7c461,3f571668ddfc4078a3e29fabf2fd5b9b,delivered,2018-05-05 00:00:00,2018-05-05 00:00:00,2018-05-07 00:00:00,2018-05-10 00:00:00,2018-05-15 00:00:00
f5194007269944eb8758e2d40bc389cc,35d3068ffab04852b139683ffb31813e,delivered,2018-02-07 00:00:00,2018-02-07 00:00:00,2018-02-09 00:00:00,2018-02-12 00:00:00,2018-02-17 00:00:00
38c410456bfa4c2daf1aa94be662ec61,35d3068ffab04852b139683ffb31813e,delivered,2018-03-09 00:00:00,2018-03-09 00:00:00,2018-03-11 00:00:00,2018-03-14 00:00:00,2018-03-19 00:00:00
8ca7735b7338414db2bca96a001115f7,35d3068ffab04852b139683ffb31813e,delivered,2018-04-08 00:00:00,2018-04-08 00:00:00,2018-04-10 00:00:00,2018-04-13 00:00:00,2018-04-18 00:00:00
6569f6a539154584a8e48954f308fb72,35d3068ffab04852b139683ffb31813e,delivered,2018-05-08 00:00:00,2018-05-08 00:00:00,2018-05-10 00:00:00,2018-05-13 00:00:00,2018-05-18 00:00:00
c0346231541c49bd87666a61bd607f78,48c41758ef80420e87a34a9b30e790c3,delivered,2018-02-10 00:00:00,2018-02-10 00:00:00,2018-02-12 00:00:00,2018-02-15 00:00:00,2018-02-20 00:00:00
3af697afee9245168ee1d7a118be0af0,48c41758ef80420e87a34a9b30e790c3,delivered,2018-03-12 00:00:00,2018-03-12 00:00:00,2018-03-14 00:00:00,2018-03-17 00:00:00,2018-03-22 00:00:00
6cd31b26e7cd45d488ab83f75f5ece27,3a3e2da45a834cddb84333ccf263eb50,delivered,2018-02-13 00:00:00,2018-02-13 00:00:00,2018-02-15 00:00:00,2018-02-18 00:00:00,2018-02-23 00:00:00
46523a34504e42f3aaab0f83163ffb17,3a3e2da45a834cddb84333ccf263eb50,delivered,2018-03-15 00:00:00,2018-03-15 00:00:00,2018-03-17 00:00:00,2018-03-20 00:00:00,2018-03-25 00:00:00
2b2eafd2851f4caa8d34ed7c7be3e6e8,3a3e2da45a834cddb84333ccf263eb50,delivered,2018-04-14 00:00:00,2018-04-14 00:00:00,2018-04-16 00:00:00,2018-04-19 00:00:00,2018-04-24 00:00:00
427e0e9c4be142a4bdfb8619fd12c2b0,70347442a780408a9dad67648bdb5417,delivered,2018-02-16 00:00:00,2018-02-16 00:00:00,2018-02-18 00:00:00,2018-02-21 00:00:00,2018-02-26 00:00:00
9076213fc18c4cdeb94849e098fd55f8,70347442a780408a9dad67648bdb5417,delivered,2018-03-18 00:00:00,2018-03-18 00:00:00,2018-03-20 00:00:00,2018-03-23 00:00:00,2018-03-28 00:00:00
c8b86ba0ac8949f3894d479da61e801d,9d2905547115405f9f3e226ffca5da63,delivered,2018-02-19 00:00:00,2018-02-19 00:00:00,2018-02-21 00:00:00,2018-02-24 00:00:00,2018-03-01 00:00:00
af6e977814f34915a51252be245c926a,9d2905547115405f9f3e226ffca5da63,delivered,2018-03-21 00:00:00,2018-03-21 00:00:00,2018-03-23 00:00:00,2018-03-26 00:00:00,2018-03-31 00:00:00
19f390d54af14525ac6caf558c667ac0,0388177925fd4455b73bfed2dd76b77c,delivered,2018-02-22 00:00:00,2018-02-22 00:00:00,2018-02-24 00:00:00,2018-02-27 00:00:00,2018-03-04 00:00:00
22423c812fa84142957ad9324f4afde3,0388177925fd4455b73bfed2dd76b77c,delivered,2018-03-24 00:00:00,2018-03-24 00:00:00,2018-03-26 00:00:00,2018-03-29 00:00:00,2018-04-03 00:00:00
3a326b1866bf4ff683e95d1608e7cbfc,0388177925fd4455b73bfed2dd76b77c,delivered,2018-04-23 00:00:00,2018-04-23 00:00:00,2018-04-25 00:00:00,2018-04-28 00:00:00,2018-05-03 00:00:00
63d5a39268524b71a30a996edce2b045,90e83241f0774913a38e67ae64636ff0,delivered,2018-02-25 00:00:00,2018-02-25 00:00:00,2018-02-27 00:00:00,2018-03-02 00:00:00,2018-03-07 00:00:00
1b8916ae536d46669c8547badd6af7e6,90e83241f0774913a38e67ae64636ff0,delivered,2018-03-27 00:00:00,2018-03-27 00:00:00,2018-03-29 00:00:00,2018-04-01 00:00:00,2018-04-06 00:00:00
fee273d1a63c470b999c50ca5e144762,90e83241f0774913a38e67ae64636ff0,delivered,2018-04-26 00:00:00,2018-04-26 00:00:00,2018-04-28 00:00:00,2018-05-01 00:00:00,2018-05-06 00:00:00
6e55da12954c42e4bdfed1d377705f03,90e83241f0774913a38e67ae64636ff0,delivered,2018-05-26 00:00:00,2018-05-26 00:00:00,2018-05-28 00:00:00,2018-05-31 00:00:00,2018-06-05 00:00:00
afc42c5b74fe4668b836cff7ba1bc74b,9ac12111a05a40d19f1c6d351b35d28e,delivered,2018-02-28 00:00:00,2018-02-28 00:00:00,2018-03-02 00:00:00,2018-03-05 00:00:00,2018-03-10 00:00:00
d65582a115124812b83501a2c8397f21,9ac12111a05a40d19f1c6d351b35d28e,delivered,2018-03-30 00:00:00,2018-03-30 00:00:00,2018-04-01 00:00:00,2018-04-04 00:00:00,2018-04-09 00:00:00
4527b9942169457eabb0dd31b8ea0bf0,9ac12111a05a40d19f1c6d351b35d28e,delivered,2018-04-29 00:00:00,2018-04-29 00:00:00,2018-05-01 00:00:00,2018-05-04 00:00:00,2018-05-09 00:00:00
4ed9ac8fdde94d1b8eb18dbd89ba5bce,dc9e119efb4f4d4197eb7011963e3a1b,delivered,2018-03-03 00:00:00,2018-03-03 00:00:00,2018-03-05 00:00:00,2018-03-08 00:00:00,2018-03-13 00:00:00
58c40df895664980b27bff1364533130,dc9e119efb4f4d4197eb7011963e3a1b,delivered,2018-04-02 00:00:00,2018-04-02 00:00:00,2018-04-04 00:00:00,2018-04-07 00:00:00,2018-04-12 00:00:00
c7d52a8616624ad59eda8272bca6c237,dc9e119efb4f4d4197eb7011963e3a1b,delivered,2018-05-02 00:00:00,2018-05-02 00:00:00,2018-05-04 00:00:00,2018-05-07 00:00:00,2018-05-12 00:00:00
322a657908054eee9eb657470a8044b6,0341d2d739ba41458d7d83fcf4e41dc6,delivered,2018-03-06 00:00:00,2018-03-06 00:00:00,2018-03-08 00:00:00,2018-03-11 00:00:00,2018-03-16 00:00:00
d14299004d91461cb5fa8f8ec54c0f69,0341d2d739ba41458d7d83fcf4e41dc6,delivered,2018-04-05 00:00:00,2018-04-05 00:00:00,2018-04-07 00:00:00,2018-04-10 00:00:00,2018-04-15 00:00:00
c8212cbab9b44e70b7944b5dc5f945d8,0341d2d739ba41458d7d83fcf4e41dc6,delivered,2018-05-05 00:00:00,2018-05-05 00:00:00,2018-05-07 00:00:00,2018-05-10 00:00:00,2018-05-15 00:00:00
6c238dad2aff4837b875dd42394af94c,c91247fdfe6d46908ee5a6ab57aa26ea,delivered,2018-03-09 00:00:00,2018-03-09 00:00:00,2018-03-11 00:00:00,2018-03-14 00:00:00,2018-03-19 00:00:00
154f2265ad4a4f32ab957a983ace3263,c91247fdfe6d46908ee5a6ab57aa26ea,delivered,2018-04-08 00:00:00,2018-04-08 00:00:00,2018-04-10 00:00:00,2018-04-13 00:00:00,2018-04-18 00:00:00
b87fd8ecc2bf407f8f7b207abbe24cb3,c91247fdfe6d46908ee5a6ab57aa26ea,delivered,2018-05-08 00:00:00,2018-05-08 00:00:00,2018-05-10 00:00:00,2018-05-13 00:00:00,2018-05-18 00:00:00
51335f14293243a9b892c0dd8d48bf5d,316549da3bd94040b9bbfecbc753bda2,delivered,2018-03-12 00:00:00,2018-03-12 00:00:00,2018-03-14 00:00:00,2018-03-17 00:00:00,2018-03-22 00:00:00
5ef93b9b19cc481bbe3f7af3a91f8346,316549da3bd94040b9bbfecbc753bda2,delivered,2018-04-11 00:00:00,2018-04-11 00:00:00,2018-04-13 00:00:00,2018-04-16 00:00:00,2018-04-21 00:00:00
9a8a9447d71f406f8896bdd3bf18705e,316549da3bd94040b9bbfecbc753bda2,delivered,2018-05-11 00:00:00,2018-05-11 00:00:00,2018-05-13 00:00:00,2018-05-16 00:00:00,2018-05-21 00:00:00
e61777c769a5449c9b0acbd4f1f574ac,316549da3bd94040b9bbfecbc753bda2,delivered,2018-06-10 00:00:00,2018-06-10 00:00:00,2018-06-12 00:00:00,2018-06-15 00:00:00,2018-06-20 00:00:00
963275dd70b94b8ea396eb8dceaded83,010e4fa04ebd48e1ad783717bbb9c6f6,delivered,2018-03-15 00:00:00,2018-03-15 00:00:00,2018-03-17 00:00:00,2018-03-20 00:00:00,2018-03-25 00:00:00
10a6caae2e66406ea4ec39b4a3d3c4ed,010e4fa04ebd48e1ad783717bbb9c6f6,delivered,2018-04-14 00:00:00,2018-04-14 00:00:00,2018-04-16 00:00:00,2018-04-19 00:00:00,2018-04-24 00:00:00
1b9fabf61aa045d2a3c6bf4d05207cfb,010e4fa04ebd48e1ad783717bbb9c6f6,delivered,2018-05-14 00:00:00,2018-05-14 00:00:00,2018-05-16 00:00:00,2018-05-19 00:00:00,2018-05-24 00:00:00
c059e051b2114faeb0127c94c5bddd52,2ef09abb7886438588644af53015ccc2,delivered,2018-03-18 00:00:00,2018-03-18 00:00:00,2018-03-20 00:00:00,2018-03-23 00:00:00,2018-03-28 00:00:00
3e5eb6ee17bf46f69d3fe4d6c4c5627f,2ef09abb7886438588644af53015ccc2,delivered,2018-04-17 00:00:00,2018-04-17 00:00:00,2018-04-19 00:00:00,2018-04-22 00:00:00,2018-04-27 00:00:00
8fdfbb01c1af400a93f99db148b1226d,2ef09abb7886438588644af53015ccc2,delivered,2018-05-17 00:00:00,2018-05-17 00:00:00,2018-05-19 00:00:00,2018-05-22 00:00:00,2018-05-27 00:00:00
f4fa7cd97a2e40afa2780796650b5ba3,2ef09abb7886438588644af53015ccc2,delivered,2018-06-16 00:00:00,2018-06-16 00:00:00,2018-06-18 00:00:00,2018-06-21 00:00:00,2018-06-26 00:00:00
d5b4e08620ca4505a8acee5b7a92c264,201848000d3e41658bcf36b5d8eb87af,delivered,2018-03-21 00:00:00,2018-03-21 00:00:00,2018-03-23 00:00:00,2018-03-26 00:00:00,2018-03-31 00:00:00
de39acd2d2c4450eb9d5ca93860507e3,201848000d3e41658bcf36b5d8eb87af,delivered,2018-04-20 00:00:00,2018-04-20 00:00:00,2018-04-22 00:00:00,2018-04-25 00:00:00,2018-04-30 00:00:00
e5286c9738e6415788ff9e29aab5c9bf,201848000d3e41658bcf36b5d8eb87af,delivered,2018-05-20 00:00:00,2018-05-20 00:00:00,2018-05-22 00:00:00,2018-05-25 00:00:00,2018-05-30 00:00:00
6c0a86782ab84e68a247a2c55872d287,201848000d3e41658bcf36b5d8eb87af,delivered,2018-06-19 00:00:00,2018-06-19 00:00:00,2018-06-21 00:00:00,2018-06-24 00:00:00,2018-06-29 00:00:00
cdb90bc43d8342d99b5af32ad97f20e2,efdca141ecae4f8c8b1bfdd0cabf8f0b,delivered,2018-03-24 00:00:00,2018-03-24 00:00:00,2018-03-26 00:00:00,2018-03-29 00:00:00,2018-04-03 00:00:00
53471759899b4d5e879d1a7b95306843,efdca141ecae4f8c8b1bfdd0cabf8f0b,delivered,2018-04-23 00:00:00,2018-04-23 00:00:00,2018-04-25 00:00:00,2018-04-28 00:00:00,2018-05-03 00:00:00
462eee31f110449a828f4e0bd7f8eec7,348bc93bab814ad4846bd57737a6efe0,delivered,2018-03-27 00:00:00,2018-03-27 00:00:00,2018-03-29 00:00:00,2018-04-01 00:00:00,2018-04-06 00:00:00
05cefb1242674f35a80000a7a7c01a3b,348bc93bab814ad4846bd57737a6efe0,delivered,2018-04-26 00:00:00,2018-04-26 00:00:00,2018-04-28 00:00:00,2018-05-01 00:00:00,2018-05-06 00:00:00
f27029a7b9544b0e823c17b4e75cde39,348bc93bab814ad4846bd57737a6efe0,delivered,2018-05-26 00:00:00,2018-05-26 00:00:00,2018-05-28 00:00:00,2018-05-31 00:00:00,2018-06-05 00:00:00
eaccef2740214df08b039f867e912179,348bc93bab814ad4846bd57737a6efe0,delivered,2018-06-25 00:00:00,2018-06-25 00:00:00,2018-06-27 00:00:00,2018-06-30 00:00:00,2018-07-05 00:00:00
56d90bcb10b145489be505f57366f594,0f3bbd2378d64d948f5c04f8c9329e37,delivered,2018-03-30 00:00:00,2018-03-30 00:00:00,2018-04-01 00:00:00,2018-04-04 00:00:00,2018-04-09 00:00:00
60330145fc0c42ed95880c2370eb2613,0f3bbd2378d64d948f5c04f8c9329e37,delivered,2018-04-29 00:00:00,2018-04-29 00:00:00,2018-05-01 00:00:00,2018-05-04 00:00:00,2018-05-09 00:00:00
177707a90ce545958a232eb91551a7ca,0f3bbd2378d64d948f5c04f8c9329e37,delivered,2018-05-29 00:00:00,2018-05-29 00:00:00,2018-05-31 00:00:00,2018-06-03 00:00:00,2018-06-08 00:00:00
6a263db1c24948a88d6b3fe022543561,0e551ff41d77429bbfc9562771ef71f3,delivered,2018-04-02 00:00:00,2018-04-02 00:00:00,2018-04-04 00:00:00,2018-04-07 00:00:00,2018-04-12 00:00:00
d6cf556469904dca87ff847399766af0,0e551ff41d77429bbfc9562771ef71f3,delivered,2018-05-02 00:00:00,2018-05-02 00:00:00,2018-05-04 00:00:00,2018-05-07 00:00:00,2018-05-12 00:00:00
dee8bc0c38bb400e9543ade393fb817e,0e551ff41d77429bbfc9562771ef71f3,delivered,2018-06-01 00:00:00,2018-06-01 00:00:00,2018-06-03 00:00:00,2018-06-06 00:00:00,2018-06-11 00:00:00
6698d89d46b04c609e9d3c9e6aaa777c,5d35593cdf2a4adba5b5d9ef848c1655,delivered,2018-04-05 00:00:00,2018-04-05 00:00:00,2018-04-07 00:00:00,2018-04-10 00:00:00,2018-04-15 00:00:00
9e4a160293034af499f45c74c17f5588,5d35593cdf2a4adba5b5d9ef848c1655,delivered,2018-05-05 00:00:00,2018-05-05 00:00:00,2018-05-07 00:00:00,2018-05-10 00:00:00,2018-05-15 00:00:00
fe408ecc2f8b46d1ae8607ae05850eb1,5d35593cdf2a4adba5b5d9ef848c1655,delivered,2018-06-04 00:00:00,2018-06-04 00:00:00,2018-06-06 00:00:00,2018-06-09 00:00:00,2018-06-14 00:00:00
6221b02a7ddf41729b0f1b5a8081a2d5,98d52ac7b3644078967d6e93b5c6fbc4,delivered,2018-04-08 00:00:00,2018-04-08 00:00:00,2018-04-10 00:00:00,2018-04-13 00:00:00,2018-04-18 00:00:00
5148a1c5c4cb425aa7f6e68cdc7b494c,98d52ac7b3644078967d6e93b5c6fbc4,delivered,2018-05-08 00:00:00,2018-05-08 00:00:00,2018-05-10 00:00:00,2018-05-13 00:00:00,2018-05-18 00:00:00
3bc90cca17c54f9cb0df1fff4603d299,98d52ac7b3644078967d6e93b5c6fbc4,delivered,2018-06-07 00:00:00,2018-06-07 00:00:00,2018-06-09 00:00:00,2018-06-12 00:00:00,2018-06-17 00:00:00
bcd6b8a328ad477283c8bb914e3a8cd4,98d52ac7b3644078967d6e93b5c6fbc4,delivered,2018-07-07 00:00:00,2018-07-07 00:00:00,2018-07-09 00:00:00,2018-07-12 00:00:00,2018-07-17 00:00:00
ba8150f2058b454cb2122db24902ac54,d183bd830702443499e5fa50209c6274,delivered,2018-04-11 00:00:00,2018-04-11 00:00:00,2018-04-13 00:00:00,2018-04-16 00:00:00,2018-04-21 00:00:00
2034d796d1f7496cadf82248c29abdfb,d183bd830702443499e5fa50209c6274,delivered,2018-05-11 00:00:00,2018-05-11 00:00:00,2018-05-13 00:00:00,2018-05-16 00:00:00,2018-05-21 00:00:00
bf4ca2df5cce42afbf8ddd98421cf6db,d183bd830702443499e5fa50209c6274,delivered,2018-06-10 00:00:00,2018-06-10 00:00:00,2018-06-12 00:00:00,2018-06-15 00:00:00,2018-06-20 00:00:00
a7827d536e5e4f568241424daee84b1d,d183bd830702443499e5fa50209c6274,delivered,2018-07-10 00:00:00,2018-07-10 00:00:00,2018-07-12 00:00:00,2018-07-15 00:00:00,2018-07-20 00:00:00
ab01e56fe5564d92a945fcd9e916970e,861f4b794cb047a883550e9d6c58ed2c,delivered,2018-04-14 00:00:00,2018-04-14 00:00:00,2018-04-16 00:00:00,2018-04-19 00:00:00,2018-04-24 00:00:00
138642c9f64f418daf23e8ad59cf3030,861f4b794cb047a883550e9d6c58ed2c,delivered,2018-05-14 00:00:00,2018-05-14 00:00:00,2018-05-16 00:00:00,2018-05-19 00:00:00,2018-05-24 00:00:00
97735c64e98a48a385122f517c344725,e4cd40653c744cc6a42e7433c54ac056,delivered,2018-04-17 00:00:00,2018-04-17 00:00:00,2018-04-19 00:00:00,2018-04-22 00:00:00,2018-04-27 00:00:00
cb0562887e3b47dc8c9d994160a3604d,e4cd40653c744cc6a42e7433c54ac056,delivered,2018-05-17 00:00:00,2018-05-17 00:00:00,2018-05-19 00:00:00,2018-05-22 00:00:00,2018-05-27 00:00:00
3dcb07b9f37748b88034c4d5ac27d01d,c208f3b66476429ea9caaccbe9f1f0fb,delivered,2018-04-20 00:00:00,2018-04-20 00:00:00,2018-04-22 00:00:00,2018-04-25 00:00:00,2018-04-30 00:00:00
5bf03c307b8d4d8d8cadd157a3cddf21,c208f3b66476429ea9caaccbe9f1f0fb,delivered,2018-05-20 00:00:00,2018-05-20 00:00:00,2018-05-22 00:00:00,2018-05-25 00:00:00,2018-05-30 00:00:00
fb9389414d7e416980334fb571b610d9,4c10c0449a7349498402909a5caf5207,delivered,2018-04-23 00:00:00,2018-04-23 00:00:00,2018-04-25 00:00:00,2018-04-28 00:00:00,2018-05-03 00:00:00
3937ca85d05c4528b13c82992b685c45,4c10c0449a7349498402909a5caf5207,delivered,2018-05-23 00:00:00,2018-05-23 00:00:00,2018-05-25 00:00:00,2018-05-28 00:00:00,2018-06-02 00:00:00
5e70fdbe4d05493a9bfe18c975b11033,9cb1990fc8bb4c3e9f7314c6e293b6a8,delivered,2018-04-26 00:00:00,2018-04-26 00:00:00,2018-04-28 00:00:00,2018-05-01 00:00:00,2018-05-06 00:00:00
f1d5933e7dfe45d9870cf6bf78045101,9cb1990fc8bb4c3e9f7314c6e293b6a8,delivered,2018-05-26 00:00:00,2018-05-26 00:00:00,2018-05-28 00:00:00,2018-05-31 00:00:00,2018-06-05 00:00:00
230e627ac263409784bb84abdb849c5d,9cb1990fc8bb4c3e9f7314c6e293b6a8,delivered,2018-06-25 00:00:00,2018-06-25 00:00:00,2018-06-27 00:00:00,2018-06-30 00:00:00,2018-07-05 00:00:00
05bfaf116d774c408076034508fc36c6,94ec57341459437e9c6ebd7064b4ec4a,delivered,2018-04-29 00:00:00,2018-04-29 00:00:00,2018-05-01 00:00:00,2018-05-04 00:00:00,2018-05-09 00:00:00
9547a6f8ef7047fa959647fb3ea98d51,94ec57341459437e9c6ebd7064b4ec4a,delivered,2018-05-29 00:00:00,2018-05-29 00:00:00,2018-05-31 00:00:00,2018-06-03 00:00:00,2018-06-08 00:00:00
9432f52104b947eb8a49389a8a183d7e,94ec57341459437e9c6ebd7064b4ec4a,delivered,2018-06-28 00:00:00,2018-06-28 00:00:00,2018-06-30 00:00:00,2018-07-03 00:00:00,2018-07-08 00:00:00
77ff24f0ef4a4f63899d14eafcc460ae,1feda964880c4285905ab51cdd107c4e,delivered,2018-05-02 00:00:00,2018-05-02 00:00:00,2018-05-04 00:00:00,2018-05-07 00:00:00,2018-05-12 00:00:00
e02e1a85d6a64a1fb103f76341b1975a,1feda964880c4285905ab51cdd107c4e,delivered,2018-06-01 00:00:00,2018-06-01 00:00:00,2018-06-03 00:00:00,2018-06-06 00:00:00,2018-06-11 00:00:00
ae8ddc7b75124c2e8bb7a78f19e673b3,b43e730491ac4dabacab9ba198c0d7df,delivered,2018-05-05 00:00:00,2018-05-05 00:00:00,2018-05-07 00:00:00,2018-05-10 00:00:00,2018-05-15 00:00:00
2ff9a7f629354752bde4ba1ed1f088a5,b43e730491ac4dabacab9ba198c0d7df,delivered,2018-06-04 00:00:00,2018-06-04 00:00:00,2018-06-06 00:00:00,2018-06-09 00:00:00,2018-06-14 00:00:00
824bfd227b6d409a887883fbce8674a4,b43e730491ac4dabacab9ba198c0d7df,delivered,2018-07-04 00:00:00,2018-07-04 00:00:00,2018-07-06 00:00:00,2018-07-09 00:00:00,2018-07-14 00:00:00
231d1b7f8dbf46ffb784cf32ecb95424,b43e730491ac4dabacab9ba198c0d7df,delivered,2018-08-03 00:00:00,2018-08-03 00:00:00,2018-08-05 00:00:00,2018-08-08 00:00:00,2018-08-13 00:00:00
3fa1588fd7864ec08fe9eb36d3b61dcf,9ec2b66d525340948ef650ee5a630bb8,delivered,2018-05-08 00:00:00,2018-05-08 00:00:00,2018-05-10 00:00:00,2018-05-13 00:00:00,2018-05-18 00:00:00
04c5046d4b07403da37f82ddd4c94cff,9ec2b66d525340948ef650ee5a630bb8,delivered,2018-06-07 00:00:00,2018-06-07 00:00:00,2018-06-09 00:00:00,2018-06-12 00:00:00,2018-06-17 00:00:00
7c5a2082ac69460e9007fba66ae79510,91947e811d8147d69c2c4bfe268ec0ba,delivered,2018-05-11 00:00:00,2018-05-11 00:00:00,2018-05-13 00:00:00,2018-05-16 00:00:00,2018-05-21 00:00:00
0ec59f9b8f254efe8177647bb94fde5a,91947e811d8147d69c2c4bfe268ec0ba,delivered,2018-06-10 00:00:00,2018-06-10 00:00:00,2018-06-12 00:00:00,2018-06-15 00:00:00,2018-06-20 00:00:00
2b5bef3af692429c883b4deb7d3797e9,c26311fce59e465bb282a3971e02030e,delivered,2018-05-14 00:00:00,2018-05-14 00:00:00,2018-05-16 00:00:00,2018-05-19 00:00:00,2018-05-24 00:00:00
20f863c800b94f8b965e9250ed638ef7,c26311fce59e465bb282a3971e02030e,delivered,2018-06-13 00:00:00,2018-06-13 00:00:00,2018-06-15 00:00:00,2018-06-18 00:00:00,2018-06-23 00:00:00
1c55e157e2c94bbc8cbdcf42342690f7,9dd65056fb984e94a1f19b0576b224bb,delivered,2018-05-17 00:00:00,2018-05-17 00:00:00,2018-05-19 00:00:00,2018-05-22 00:00:00,2018-05-27 00:00:00
b2011683afa9460bb08640591eaafd60,9dd65056fb984e94a1f19b0576b224bb,delivered,2018-06-16 00:00:00,2018-06-16 00:00:00,2018-06-18 00:00:00,2018-06-21 00:00:00,2018-06-26 00:00:00
a46036592e3b4c189320ee9f2f6a93a6,95f1db5c1785499db5e7e8712273d2a5,delivered,2018-05-20 00:00:00,2018-05-20 00:00:00,2018-05-22 00:00:00,2018-05-25 00:00:00,2018-05-30 00:00:00
142314ca47ed42e290db3de399f89855,95f1db5c1785499db5e7e8712273d2a5,delivered,2018-06-19 00:00:00,2018-06-19 00:00:00,2018-06-21 00:00:00,2018-06-24 00:00:00,2018-06-29 00:00:00
3e0ed83990a94e47a92b3aa698d238c9,95f1db5c1785499db5e7e8712273d2a5,delivered,2018-07-19 00:00:00,2018-07-19 00:00:00,2018-07-21 00:00:00,2018-07-24 00:00:00,2018-07-29 00:00:00
25fcb8fe97ef48d297cfc7f0a8cb08e8,95f1db5c1785499db5e7e8712273d2a5,delivered,2018-08-18 00:00:00,2018-08-18 00:00:00,2018-08-20 00:00:00,2018-08-23 00:00:00,2018-08-28 00:00:00
7dd60cbab8314a53aeaa80941e0c3b4e,d9e0b8806f7346a289a06fc4e4ae6f70,delivered,2018-05-23 00:00:00,2018-05-23 00:00:00,2018-05-25 00:00:00,2018-05-28 00:00:00,2018-06-02 00:00:00
929ed27b224d4cabb4becbab5c3aa84e,d9e0b8806f7346a289a06fc4e4ae6f70,delivered,2018-06-22 00:00:00,2018-06-22 00:00:00,2018-06-24 00:00:00,2018-06-27 00:00:00,2018-07-02 00:00:00
87db4c34dd9741e68254381592ac1a45,d9e0b8806f7346a289a06fc4e4ae6f70,delivered,2018-07-22 00:00:00,2018-07-22 00:00:00,2018-07-24 00:00:00,2018-07-27 00:00:00,2018-08-01 00:00:00
26ee4ea8001749ca8c1ebc6b8ec5e3c3,d9e0b8806f7346a289a06fc4e4ae6f70,delivered,2018-08-21 00:00:00,2018-08-21 00:00:00,2018-08-23 00:00:00,2018-08-26 00:00:00,2018-08-31 00:00:00
104ff4255a264e1e8687529af29e97cd,d658ad4bafbc40d49a3cf595975ecc00,delivered,2018-05-26 00:00:00,2018-05-26 00:00:00,2018-05-28 00:00:00,2018-05-31 00:00:00,2018-06-05 00:00:00
e3da50302a7849728cb7fc24dbe0fa14,d658ad4bafbc40d49a3cf595975ecc00,delivered,2018-06-25 00:00:00,2018-06-25 00:00:00,2018-06-27 00:00:00,2018-06-30 00:00:00,2018-07-05 00:00:00
90643e38b78448aa838b846d5b448358,d658ad4bafbc40d49a3cf595975ecc00,delivered,2018-07-25 00:00:00,2018-07-25 00:00:00,2018-07-27 00:00:00,2018-07-30 00:00:00,2018-08-04 00:00:00
8a68e52c76744123939c94f1179e0326,e0ca2a735a8949d5b0d27561b5d79065,delivered,2018-05-29 00:00:00,2018-05-29 00:00:00,2018-05-31 00:00:00,2018-06-03 00:00:00,2018-06-08 00:00:00
20c70a9ee39544c498ebdfaff029703d,8b6cc246428b4d3c8f7bc1f19dfd66c3,delivered,2018-06-01 00:00:00,2018-06-01 00:00:00,2018-06-03 00:00:00,2018-06-06 00:00:00,2018-06-11 00:00:00
a4aac3281b6341149ec59b1cb81a3c03,11c36c13d54d44c7b2542f6552e0949d,delivered,2018-06-04 00:00:00,2018-06-04 00:00:00,2018-06-06 00:00:00,2018-06-09 00:00:00,2018-06-14 00:00:00
5e651e6f35284d29add63054e2ba1484,e3415888321641a7a1603504d395c74a,delivered,2018-06-07 00:00:00,2018-06-07 00:00:00,2018-06-09 00:00:00,2018-06-12 00:00:00,2018-06-17 00:00:00
47995d51c34643ccbeb526cdcbaa7108,746e606f9cfb484699db7f4385774419,delivered,2018-06-10 00:00:00,2018-06-10 00:00:00,2018-06-12 00:00:00,2018-06-15 00:00:00,2018-06-20 00:00:00
3b2a02e0dbe34c5d97d4eb5fae8d726e,6c73e7c0be414f7cab353173101b3ccd,delivered,2018-06-13 00:00:00,2018-06-13 00:00:00,2018-06-15 00:00:00,2018-06-18 00:00:00,2018-06-23 00:00:00
3709c038135548f9a88362985429c0ae,6b66f2f9e58147eeb945ed331acebca8,delivered,2018-06-16 00:00:00,2018-06-16 00:00:00,2018-06-18 00:00:00,2018-06-21 00:00:00,2018-06-26 00:00:00
4bb1660a24e94a4fbf2aa6902d57cce2,413202955d324aa5a749b1b2233388f4,delivered,2018-06-19 00:00:00,2018-06-19 00:00:00,2018-06-21 00:00:00,2018-06-24 00:00:00,2018-06-29 00:00:00
44a5ca35527742cdb405e6be030f5a8c,dac598c5d4e44883b5558b8519726312,delivered,2018-06-22 00:00:00,2018-06-22 00:00:00,2018-06-24 00:00:00,2018-06-27 00:00:00,2018-07-02 00:00:00
f81824edc4d041aeb7674848bf1ad7eb,2819a8737d18426a8c4cd026c92578da,delivered,2018-06-25 00:00:00,2018-06-25 00:00:00,2018-06-27 00:00:00,2018-06-30 00:00:00,2018-07-05 00:00:00
7eb6ec901dfd4cb5b4017d81310c901c,eb13883649a74840b995bf8ab9a8d788,delivered,2018-06-28 00:00:00,2018-06-28 00:00:00,2018-06-30 00:00:00,2018-07-03 00:00:00,2018-07-08 00:00:00
5b9db1e0af7b43d88b4e6ebb54a6cf56,e88e897cb3f6499f835e22b958390ef8,delivered,2018-07-01 00:00:00,2018-07-01 00:00:00,2018-07-03 00:00:00,2018-07-06 00:00:00,2018-07-11 00:00:00
ac22bd0eb069496b8887784758d0c7b1,efba7a94def5405b956403b21ad08bd3,delivered,2018-07-04 00:00:00,2018-07-04 00:00:00,2018-07-06 00:00:00,2018-07-09 00:00:00,2018-07-14 00:00:00
0fc10e7dfc174fcdbaf9548b81f6fde8,0b2a98a6991042a58bf304bed0189da8,delivered,2018-07-07 00:00:00,2018-07-07 00:00:00,2018-07-09 00:00:00,2018-07-12 00:00:00,2018-07-17 00:00:00
d656d7d74da54f3aaecab9dff230f01d,87603996971b425e8e5367b8f59db61c,delivered,2018-07-10 00:00:00,2018-07-10 00:00:00,2018-07-12 00:00:00,2018-07-15 00:00:00,2018-07-20 00:00:00
d0892e1f303342a3ab71de0ababddd2f,db8e131ff33e4c0488fb02db7bc7d769,delivered,2018-07-13 00:00:00,2018-07-13 00:00:00,2018-07-15 00:00:00,2018-07-18 00:00:00,2018-07-23 00:00:00
25c5fe5e2c41478ebf68f3eb9a37bead,3ba41ab66c734be1b5f5897f5ce8a6f9,delivered,2018-07-16 00:00:00,2018-07-16 00:00:00,2018-07-18 00:00:00,2018-07-21 00:00:00,2018-07-26 00:00:00
d7dd194d580b4f5aa0836fc45c1f22f0,d716d9e8395e48b790238b895972fcc4,delivered,2018-07-19 00:00:00,2018-07-19 00:00:00,2018-07-21 00:00:00,2018-07-24 00:00:00,2018-07-29 00:00:00
5e3f6dd104144bbe9579316513cbfe16,2e68e5e5420d42bc94e4dce5f40e0c1f,delivered,2018-07-22 00:00:00,2018-07-22 00:00:00,2018-07-24 00:00:00,2018-07-27 00:00:00,2018-08-01 00:00:00
ffd20092ecd44fa9b55f26c946398d41,d6c392984f0c43e8a470083c4dbf238d,delivered,2018-07-25 00:00:00,2018-07-25 00:00:00,2018-07-27 00:00:00,2018-07-30 00:00:00,2018-08-04 00:00:00
3be9589f879f435db86df3c10fc8eba6,92bdffbd10ce403496b19eafd2b9f74c,delivered,2018-07-28 00:00:00,2018-07-28 00:00:00,2018-07-30 00:00:00,2018-08-02 00:00:00,2018-08-07 00:00:00
ef332409845d444c85940fe8a7dc7e20,52504078890b4979af11adc2d187f20c,delivered,2018-07-31 00:00:00,2018-07-31 00:00:00,2018-08-02 00:00:00,2018-08-05 00:00:00,2018-08-10 00:00:00
833368cfcf1949d09aad6cea2dd30682,8001b3e5b5e74a829a34e8393f2bc262,delivered,2018-08-03 00:00:00,2018-08-03 00:00:00,2018-08-05 00:00:00,2018-08-08 00:00:00,2018-08-13 00:00:00
7f69c01e77454660866c35584595f173,6ab004ebbb774631bc893b40232a17d2,delivered,2018-08-06 00:00:00,2018-08-06 00:00:00,2018-08-08 00:00:00,2018-08-11 00:00:00,2018-08-16 00:00:00
a757740e3608401bbc86ab1fc9eddfbc,e5213296003d4a8d8d731c2a4c3b83d6,delivered,2018-08-09 00:00:00,2018-08-09 00:00:00,2018-08-11 00:00:00,2018-08-14 00:00:00,2018-08-19 00:00:00
79adb92f3a6949a9b68d7a7ad662e219,ed5286e23f694de58a583d1931ed56b2,delivered,2018-08-12 00:00:00,2018-08-12 00:00:00,2018-08-14 00:00:00,2018-08-17 00:00:00,2018-08-22 00:00:00
f65f624c200e444eb20762c05d05ae1c,7acd92068580466eab1d849b3352001d,delivered,2018-08-15 00:00:00,2018-08-15 00:00:00,2018-08-17 00:00:00,2018-08-20 00:00:00,2018-08-25 00:00:00
eca3dc7f83e34e4db94500cab743c947,0878b6cf46744a2da8483ac76eb44d12,delivered,2018-08-18 00:00:00,2018-08-18 00:00:00,2018-08-20 00:00:00,2018-08-23 00:00:00,2018-08-28 00:00:00
013ce92753c84c2f8e6dbcd3189a634d,ce50f028a7d34058a9a4de9a255c223b,delivered,2018-08-21 00:00:00,2018-08-21 00:00:00,2018-08-23 00:00:00,2018-08-26 00:00:00,2018-08-31 00:00:00
aec9c0c467504237b677ac9ee7c44ceb,0ad7ef219736472a8d87d80cabaa2377,delivered,2018-08-24 00:00:00,2018-08-24 00:00:00,2018-08-26 00:00:00,2018-08-29 00:00:00,2018-09-03 00:00:00
8c9fddd9f0bb4863b19fea670c591c83,d99b03bb8d0142d8be2deee8b69a1ddd,delivered,2018-08-27 00:00:00,2018-08-27 00:00:00,2018-08-29 00:00:00,2018-09-01 00:00:00,2018-09-06 00:00:00
ec7b7d67714c498da712493d1c29f39d,ad2c106b9464402ab5982fb646da04c4,delivered,2018-08-30 00:00:00,2018-08-30 00:00:00,2018-09-01 00:00:00,2018-09-04 00:00:00,2018-09-09 00:00:00
de779cc685f145e0af95d96416df2abc,cf5ad93893cf463588b4c7107a4c4815,delivered,2018-09-02 00:00:00,2018-09-02 00:00:00,2018-09-04 00:00:00,2018-09-07 00:00:00,2018-09-12 00:00:00
a9c95cb1031d4cf497ad73f322087cc6,f29a55c16ac44475b9cb3c5633f9e25c,delivered,2018-09-05 00:00:00,2018-09-05 00:00:00,2018-09-07 00:00:00,2018-09-10 00:00:00,2018-09-15 00:00:00
3012a49bf04b45dbb5e0a9b3f91f7ee5,5c1bd8b9d7c948f6b6db03667f1547da,delivered,2018-09-08 00:00:00,2018-09-08 00:00:00,2018-09-10 00:00:00,2018-09-13 00:00:00,2018-09-18 00:00:00
4689d9141b1144ceb9367c5734bc13f2,c9be8ace95b142f5a20bae1b06826448,delivered,2018-09-11 00:00:00,2018-09-11 00:00:00,2018-09-13 00:00:00,2018-09-16 00:00:00,2018-09-21 00:00:00
37d87414dc15468eb7185a46b8fe40fc,453bfdbc020247c18fc295caa4ba9fe1,delivered,2018-09-14 00:00:00,2018-09-14 00:00:00,2018-09-16 00:00:00,2018-09-19 00:00:00,2018-09-24 00:00:00
2801e8cd70534ae1be332f5fa6c36307,92fd8a220132418987538568dd5a96bb,delivered,2018-09-17 00:00:00,2018-09-17 00:00:00,2018-09-19 00:00:00,2018-09-22 00:00:00,2018-09-27 00:00:00
2dffe8df06814400b9f7e571f13a5a6c,ca69f25de7a746caa617e6cc2eecfc3c,delivered,2018-09-20 00:00:00,2018-09-20 00:00:00,2018-09-22 00:00:00,2018-09-25 00:00:00,2018-09-30 00:00:00
e0b90e18b5ff4ee2a23809c138919943,1b8d4d5e46414ca88ce31c84fa86e369,delivered,2018-09-23 00:00:00,2018-09-23 00:00:00,2018-09-25 00:00:00,2018-09-28 00:00:00,2018-10-03 00:00:00
023f4aeface44ca297c97a8d2ddd84b3,a8fbacd94cd24d9d8c6a5b0e218cb0fc,delivered,2018-09-26 00:00:00,2018-09-26 00:00:00,2018-09-28 00:00:00,2018-10-01 00:00:00,2018-10-06 00:00:00
f60ea24d5a1842838894dc6841b7dbfc,3c9313cb36d54d48ac41beed7c59a42e,delivered,2018-09-29 00:00:00,2018-09-29 00:00:00,2018-10-01 00:00:00,2018-10-04 00:00:00,2018-10-09 00:00:00
85d014fbe8c0485f9fb90594651e74c4,98f907d76bce415184ed5175d0836341,delivered,2018-10-02 00:00:00,2018-10-02 00:00:00,2018-10-04 00:00:00,2018-10-07 00:00:00,2018-10-12 00:00:00
acab0cb6a3b7472695e7e685987637bc,e5c05aff17bc4f7595c3a2f1702cdf35,delivered,2018-10-05 00:00:00,2018-10-05 00:00:00,2018-10-07 00:00:00,2018-10-10 00:00:00,2018-10-15 00:00:00
6590ab09923345ba8a181d053707e9d8,fefcc309ec414f9da03a273241e0110b,delivered,2018-10-08 00:00:00,2018-10-08 00:00:00,2018-10-10 00:00:00,2018-10-13 00:00:00,2018-10-18 00:00:00
769543fd65104f0e942b699dab68346e,86d136d4ca3c4757b8c59870a0796f1d,delivered,2018-10-11 00:00:00,2018-10-11 00:00:00,2018-10-13 00:00:00,2018-10-16 00:00:00,2018-10-21 00:00:00
640fcd7077e84614919340063020da5a,6953ec7a01fa44c5a06a1a204dea1f47,delivered,2018-10-14 00:00:00,2018-10-14 00:00:00,2018-10-16 00:00:00,2018-10-19 00:00:00,2018-10-24 00:00:00
1ab6bf5526af443a81c1259344e19465,64340b51223d4531b815c378a6eac456,delivered,2018-10-17 00:00:00,2018-10-17 00:00:00,2018-10-19 00:00:00,2018-10-22 00:00:00,2018-10-27 00:00:00
21a547900ab64b6e9cf581534e7593c3,cf1bd918d9a34d1193c2327e340b76ac,delivered,2018-10-20 00:00:00,2018-10-20 00:00:00,2018-10-22 00:00:00,2018-10-25 00:00:00,2018-10-30 00:00:00
f1e23de0f2334478a54c5d361aa19dcf,f7d7436e603045b5b329b49224426f38,delivered,2018-10-23 00:00:00,2018-10-23 00:00:00,2018-10-25 00:00:00,2018-10-28 00:00:00,2018-11-02 00:00:00
edd0bcf5430a407287b37a4168dfbae5,4825b4f48eeb448eb52ba87e6640d7b9,delivered,2018-10-26 00:00:00,2018-10-26 00:00:00,2018-10-28 00:00:00,2018-10-31 00:00:00,2018-11-05 00:00:00
956ea8fc4a594480a568f5956663f5cc,5cc159ebaba34edf869edf45c0653ee8,delivered,2018-10-29 00:00:00,2018-10-29 00:00:00,2018-10-31 00:00:00,2018-11-03 00:00:00,2018-11-08 00:00:00
ac083c04919a4043b9bb3c5b4fb309d3,cf5e132e85a149208aa08a950556277a,delivered,2018-11-01 00:00:00,2018-11-01 00:00:00,2018-11-03 00:00:00,2018-11-06 00:00:00,2018-11-11 00:00:00
b7ad77bbb49c4d41aae37b0018828187,e387ac379337491597bd2d910bd32314,delivered,2018-11-04 00:00:00,2018-11-04 00:00:00,2018-11-06 00:00:00,2018-11-09 00:00:00,2018-11-14 00:00:00
909b5405401447f2a0dc4f2cae691874,67f7208ef2d24bf781c6d28ea4652234,delivered,2018-11-07 00:00:00,2018-11-07 00:00:00,2018-11-09 00:00:00,2018-11-12 00:00:00,2018-11-17 00:00:00
ba54ee72143940c59e1649b95c432bd9,fe92c1a580ef42b9817c0f6b68a633ec,delivered,2018-11-10 00:00:00,2018-11-10 00:00:00,2018-11-12 00:00:00,2018-11-15 00:00:00,2018-11-20 00:00:00
b33a316baf6047fba1edda86db43c67e,b4ac7fc04ca748a3ba004849ca448a49,delivered,2018-11-13 00:00:00,2018-11-13 00:00:00,2018-11-15 00:00:00,2018-11-18 00:00:00,2018-11-23 00:00:00
f6f246eeeb5d46ada938e294263cf15c,f73bb323aee44fe3af175f681aaf2c5a,delivered,2018-11-16 00:00:00,2018-11-16 00:00:00,2018-11-18 00:00:00,2018-11-21 00:00:00,2018-11-26 00:00:00
434e2e3d37bc480daf05ad811e923329,7fd37c519cb84418b7bfbedf998bfb7e,delivered,2018-11-19 00:00:00,2018-11-19 00:00:00,2018-11-21 00:00:00,2018-11-24 00:00:00,2018-11-29 00:00:00
12e24c6eb61e4f068cde6b140a32eedd,56d5ffd934a84e7281251777aceb4c68,delivered,2018-11-22 00:00:00,2018-11-22 00:00:00,2018-11-24 00:00:00,2018-11-27 00:00:00,2018-12-02 00:00:00
aebd7a4f038d49e39cc915c4097c166e,69ccd77a62c9470183f7750559046b85,delivered,2018-11-25 00:00:00,2018-11-25 00:00:00,2018-11-27 00:00:00,2018-11-30 00:00:00,2018-12-05 00:00:00
ab0ac7668fa4471893425430c95925d4,09191591a81d47e09dcdf526a90d0ed4,delivered,2018-11-28 00:00:00,2018-11-28 00:00:00,2018-11-30 00:00:00,2018-12-03 00:00:00,2018-12-08 00:00:00
80d3d2d8133c400e9ff285b14deef87f,099d0c40c9d2425cb0a55cab4aef036a,delivered,2018-12-01 00:00:00,2018-12-01 00:00:00,2018-12-03 00:00:00,2018-12-06 00:00:00,2018-12-11 00:00:00
2f17763cf39546b1a49d709ef8adcd7f,5fcfb33a726242de83e80c8e1188a42f,delivered,2018-12-04 00:00:00,2018-12-04 00:00:00,2018-12-06 00:00:00,2018-12-09 00:00:00,2018-12-14 00:00:00
9a26fbec178649ce809d06a6a9d5c46c,b38f11c22af34f8884ff9951d0645512,delivered,2018-12-07 00:00:00,2018-12-07 00:00:00,2018-12-09 00:00:00,2018-12-12 00:00:00,2018-12-17 00:00:00
a2cda57e9094428881e2f25dde54a631,a431f1fdbecb4a2da9cc709ed37a0539,delivered,2018-12-10 00:00:00,2018-12-10 00:00:00,2018-12-12 00:00:00,2018-12-15 00:00:00,2018-12-20 00:00:00
eaf26483611643c59d6fb3ec88c4d43c,1ab35cbb58ce496dbe83cc65caf23305,delivered,2018-12-13 00:00:00,2018-12-13 00:00:00,2018-12-15 00:00:00,2018-12-18 00:00:00,2018-12-23 00:00:00
e2e638cc5dca43eda6a5611ee84d159b,98c96391165c4143b52ed855d83d7f34,delivered,2018-12-16 00:00:00,2018-12-16 00:00:00,2018-12-18 00:00:00,2018-12-21 00:00:00,2018-12-26 00:00:00
f02829a39845443aa616068c554b9464,ded331bc026a41e391ea0bc4a124e284,delivered,2018-12-19 00:00:00,2018-12-19 00:00:00,2018-12-21 00:00:00,2018-12-24 00:00:00,2018-12-29 00:00:00
2f8676a658374c73a31a7bd277aa9a3e,f6a773494a2744998fad284f1f381e49,delivered,2018-12-22 00:00:00,2018-12-22 00:00:00,2018-12-24 00:00:00,2018-12-27 00:00:00,2019-01-01 00:00:00
744ff5d04b17418b9896bf916b93264f,9b8930c9dae74d30b6d4e0c3a82f8527,delivered,2018-12-25 00:00:00,2018-12-25 00:00:00,2018-12-27 00:00:00,2018-12-30 00:00:00,2019-01-04 00:00:00
1ea4f9ce75f641a38f581dc6abca6b49,26bb7c28ecbd4e44a89f43d58fce14ce,delivered,2018-12-28 00:00:00,2018-12-28 00:00:00,2018-12-30 00:00:00,2019-01-02 00:00:00,2019-01-07 00:00:00
415a190e20a74638a9604f623ff9415a,148f0154b6194d1d995f3b93b092766c,delivered,2018-12-31 00:00:00,2018-12-31 00:00:00,2019-01-02 00:00:00,2019-01-05 00:00:00,2019-01-10 00:00:00
65706064ad5a448eb1096be7cf105248,f5492ab6100b4177a31e13f58da1a3ce,delivered,2019-01-03 00:00:00,2019-01-03 00:00:00,2019-01-05 00:00:00,2019-01-08 00:00:00,2019-01-13 00:00:00
ccd3d19398224e91865ae269b28c5b70,24533be8f89f402f9df817e0a199cbe5,delivered,2019-01-06 00:00:00,2019-01-06 00:00:00,2019-01-08 00:00:00,2019-01-11 00:00:00,2019-01-16 00:00:00
6fcb97ee4b6a49869b813a1112c6dc8c,48aeb125bc534227866529e5bc68d271,delivered,2019-01-09 00:00:00,2019-01-09 00:00:00,2019-01-11 00:00:00,2019-01-14 00:00:00,2019-01-19 00:00:00
d0d47d70ca7f49259dafb735679bc29d,d895efc66a8e4f439b9032588d1dc58a,delivered,2019-01-12 00:00:00,2019-01-12 00:00:00,2019-01-14 00:00:00,2019-01-17 00:00:00,2019-01-22 00:00:00
21f50f42aa42474186470a976a0db117,c6e75bbd4abd4cceb840c85699b50a40,delivered,2019-01-15 00:00:00,2019-01-15 00:00:00,2019-01-17 00:00:00,2019-01-20 00:00:00,2019-01-25 00:00:00
ae742da226bf4d79bc84d4523fb6a2a0,6053b6ba027c45fe86069828fa21c6e3,delivered,2019-01-18 00:00:00,2019-01-18 00:00:00,2019-01-20 00:00:00,2019-01-23 00:00:00,2019-01-28 00:00:00
abb685abbb22462b8578d59ea1a46d57,c877ad0431334ad893a4aa531c32f020,delivered,2019-01-21 00:00:00,2019-01-21 00:00:00,2019-01-23 00:00:00,2019-01-26 00:00:00,2019-01-31 00:00:00
1bf1c9cc212344f8a45a443705fa9cdf,3cca9050ad0e40a7ab62acae00be4b34,delivered,2019-01-24 00:00:00,2019-01-24 00:00:00,2019-01-26 00:00:00,2019-01-29 00:00:00,2019-02-03 00:00:00
8cc5a7ced60d44c89eec07725e87e4ad,12c3c6716062470ca5943c854fd3ed15,delivered,2019-01-27 00:00:00,2019-01-27 00:00:00,2019-01-29 00:00:00,2019-02-01 00:00:00,2019-02-06 00:00:00
4eab040d51194007b39ae77117bc49dc,4173051aa2904169ab2195990b5b591e,delivered,2019-01-30 00:00:00,2019-01-30 00:00:00,2019-02-01 00:00:00,2019-02-04 00:00:00,2019-02-09 00:00:00
0cd70cd4d08c4731b77fbde605163f30,2cd42426d235466aafc371cbbae91d6a,delivered,2019-02-02 00:00:00,2019-02-02 00:00:00,2019-02-04 00:00:00,2019-02-07 00:00:00,2019-02-12 00:00:00
86feeb91da2540309ad35f74daa68037,c31d98645c184a02bd9b8cc0962615af,delivered,2019-02-05 00:00:00,2019-02-05 00:00:00,2019-02-07 00:00:00,2019-02-10 00:00:00,2019-02-15 00:00:00
6dfa7c490fa34f9d9d8d0ee1791de8f2,e343e77343644cee955ad7d3e21b9827,delivered,2019-02-08 00:00:00,2019-02-08 00:00:00,2019-02-10 00:00:00,2019-02-13 00:00:00,2019-02-18 00:00:00
aee287565a6d4458b66e52d5422b6e25,7474caaaa6ef4ff4b6b7af8d33f06a8c,delivered,2019-02-11 00:00:00,2019-02-11 00:00:00,2019-02-13 00:00:00,2019-02-16 00:00:00,2019-02-21 00:00:00
3526b6dfc64a4dba8f0bd9f27472e130,19eea70048704a4abab5c103154fb68f,delivered,2019-02-14 00:00:00,2019-02-14 00:00:00,2019-02-16 00:00:00,2019-02-19 00:00:00,2019-02-24 00:00:00
4e6ec903808149a69b43ab582cbe4bf3,64160527ff724f2daefbf3e2885a4750,delivered,2019-02-17 00:00:00,2019-02-17 00:00:00,2019-02-19 00:00:00,2019-02-22 00:00:00,2019-02-27 00:00:00
a5bab20e1fd8439c9b1c71588859c0fd,9195344df6f5409a8c5cdb2f0a3c0b64,delivered,2019-02-20 00:00:00,2019-02-20 00:00:00,2019-02-22 00:00:00,2019-02-25 00:00:00,2019-03-02 00:00:00
4d642df73a5b434384eb23a913a01ba5,6422d2beaa2b40b4a5105e147971d441,delivered,2019-02-23 00:00:00,2019-02-23 00:00:00,2019-02-25 00:00:00,2019-02-28 00:00:00,2019-03-05 00:00:00
c099eec9d9604784bc42cf0e2281048c,e695f23c746b47e38b04e777fd4f85e1,delivered,2019-02-26 00:00:00,2019-02-26 00:00:00,2019-02-28 00:00:00,2019-03-03 00:00:00,2019-03-08 00:00:00
3157c6a66b55417d9b3180c765da9f1d,eb7094f24ed34f60baec56cb1c56b109,delivered,2019-03-01 00:00:00,2019-03-01 00:00:00,2019-03-03 00:00:00,2019-03-06 00:00:00,2019-03-11 00:00:00
3797ed0bc8034673bb23dea192e8079c,378b2e1fcb3e45abb7d3ec43d8d1736f,delivered,2019-03-04 00:00:00,2019-03-04 00:00:00,2019-03-06 00:00:00,2019-03-09 00:00:00,2019-03-14 00:00:00
7ca194b5b8f34964b10b804308bbf229,6411623ba931444f925cba9662226839,delivered,2019-03-07 00:00:00,2019-03-07 00:00:00,2019-03-09 00:00:00,2019-03-12 00:00:00,2019-03-17 00:00:00
5adb1d8863364bd9986efb7afcee0e62,0174c4a20ab44d60b86e8f9c97b074eb,delivered,2019-03-10 00:00:00,2019-03-10 00:00:00,2019-03-12 00:00:00,2019-03-15 00:00:00,2019-03-20 00:00:00
2b65a88c4331445595a605e9264946a7,7be129db802940018d159ca1b6512ba2,delivered,2019-03-13 00:00:00,2019-03-13 00:00:00,2019-03-15 00:00:00,2019-03-18 00:00:00,2019-03-23 00:00:00
f3b36c28b3eb43be8b92291c3826ee00,c35b09ee51ef472d92cfaf45667283ad,delivered,2019-03-16 00:00:00,2019-03-16 00:00:00,2019-03-18 00:00:00,2019-03-21 00:00:00,2019-03-26 00:00:00
a01086e9fbc34e36aa62547588fa08f8,69bdb64201874ab7954cf365ae86420d,delivered,2019-03-19 00:00:00,2019-03-19 00:00:00,2019-03-21 00:00:00,2019-03-24 00:00:00,2019-03-29 00:00:00
52d0868c66824d94b997197038a35dc7,d867fc952bb2417ab85a0a986a61e557,delivered,2019-03-22 00:00:00,2019-03-22 00:00:00,2019-03-24 00:00:00,2019-03-27 00:00:00,2019-04-01 00:00:00
f0b81f0b24e64192aa647d889d9f8cd6,0775e01cb3a948678cb145dff03bc92b,delivered,2019-03-25 00:00:00,2019-03-25 00:00:00,2019-03-27 00:00:00,2019-03-30 00:00:00,2019-04-04 00:00:00
144ec5f1c46e43368cb92c55af9145e8,f88cc5d48c534d049044801ad287f893,delivered,2019-03-28 00:00:00,2019-03-28 00:00:00,2019-03-30 00:00:00,2019-04-02 00:00:00,2019-04-07 00:00:00
fbf63fc4a8ca486dba3c5a9bdbabd623,1e44a43ed6184f7288bebecd27ad6220,delivered,2019-03-31 00:00:00,2019-03-31 00:00:00,2019-04-02 00:00:00,2019-04-05 00:00:00,2019-04-10 00:00:00
9f2e777941be4a88887dfba62b5295c4,8ca6c37f959a421e92a79d4a3ee3b5e8,delivered,2019-04-03 00:00:00,2019-04-03 00:00:00,2019-04-05 00:00:00,2019-04-08 00:00:00,2019-04-13 00:00:00
093ff97135b84825acef48e4519d6dd2,ab98f644aca946b2a80d3df60af1b9b9,delivered,2019-04-06 00:00:00,2019-04-06 00:00:00,2019-04-08 00:00:00,2019-04-11 00:00:00,2019-04-16 00:00:00
114b924069294939836ef447b29df125,dfd23fb5288f4d12956111635325968f,delivered,2019-04-09 00:00:00,2019-04-09 00:00:00,2019-04-11 00:00:00,2019-04-14 00:00:00,2019-04-19 00:00:00
61134836122b4ba09c23e776fa028127,06f20e5bc3ee4905b4475ba237bd7661,delivered,2019-04-12 00:00:00,2019-04-12 00:00:00,2019-04-14 00:00:00,2019-04-17 00:00:00,2019-04-22 00:00:00
90304360905f46bea9168b112bfe978d,f287f71b47784a41ac21f0ec2bad2603,delivered,2019-04-15 00:00:00,2019-04-15 00:00:00,2019-04-17 00:00:00,2019-04-20 00:00:00,2019-04-25 00:00:00
8a316138522e42de954b11414c6da237,8a86fdbee92d45be828d2b3c7cb0ac87,delivered,2019-04-18 00:00:00,2019-04-18 00:00:00,2019-04-20 00:00:00,2019-04-23 00:00:00,2019-04-28 00:00:00
119183dec6b34043aac07c4b4ef98a36,9e779710e3b1427a8d0d22324e701460,delivered,2019-04-21 00:00:00,2019-04-21 00:00:00,2019-04-23 00:00:00,2019-04-26 00:00:00,2019-05-01 00:00:00
bfd22f0e5f484a43a2bf7ad3f67dbe08,ea881deae2d04ae7b397bf8c2fb2af29,delivered,2019-04-24 00:00:00,2019-04-24 00:00:00,2019-04-26 00:00:00,2019-04-29 00:00:00,2019-05-04 00:00:00
7dc7dee275b542e39148589c58c7f571,ab91f9f085cd4eedbb01cc5317fb52da,delivered,2019-04-27 00:00:00,2019-04-27 00:00:00,2019-04-29 00:00:00,2019-05-02 00:00:00,2019-05-07 00:00:00
28da8cefa42b4b7298e92f1b15d32f73,e294005a159d4f5da84e289d93fc0677,delivered,2019-04-30 00:00:00,2019-04-30 00:00:00,2019-05-02 00:00:00,2019-05-05 00:00:00,2019-05-10 00:00:00
c2bdcc72dd954673891804afecd02e1c,1fcf25c0b55543db894313c6237999f1,delivered,2019-05-03 00:00:00,2019-05-03 00:00:00,2019-05-05 00:00:00,2019-05-08 00:00:00,2019-05-13 00:00:00
3b1b27c83f7348db8d39449f923473db,eb710c827935456e93af082a6999db5d,delivered,2019-05-06 00:00:00,2019-05-06 00:00:00,2019-05-08 00:00:00,2019-05-11 00:00:00,2019-05-16 00:00:00
d556ee3283534b219eb943e08c539130,c78775cc80ce4b7eb42c448605808271,delivered,2019-05-09 00:00:00,2019-05-09 00:00:00,2019-05-11 00:00:00,2019-05-14 00:00:00,2019-05-19 00:00:00
ce70ce0018564debae6562623f5e523f,d77939b6cc1142a9ba879fb0980c3f9b,delivered,2019-05-12 00:00:00,2019-05-12 00:00:00,2019-05-14 00:00:00,2019-05-17 00:00:00,2019-05-22 00:00:00
e7083e8e87e04cc8ad504314ff97b6db,6bd1ed09c4934b9b9d52366d818f173e,delivered,2019-05-15 00:00:00,2019-05-15 00:00:00,2019-05-17 00:00:00,2019-05-20 00:00:00,2019-05-25 00:00:00
5d89706a30804a7fb2e8edaf7d8cd2b2,02620e4fe08f49e68c55e3fbc2892954,delivered,2019-05-18 00:00:00,2019-05-18 00:00:00,2019-05-20 00:00:00,2019-05-23 00:00:00,2019-05-28 00:00:00
31adacb1c78a4165bbe46f3b6ca4e0e3,9edab71e9bb64f47b2e0afd7bc5962c1,delivered,2019-05-21 00:00:00,2019-05-21 00:00:00,2019-05-23 00:00:00,2019-05-26 00:00:00,2019-05-31 00:00:00
